ItemKey,ItemDesc,InventoryCategory
22455,15LB EXCHANGE BLUE RHINO,22
22457,15 LB BLUE RHINO SPARE NO EXCH,22
11419,12z CLASSIC COKE 12PK,7
11422,12z DIET COKE 12PK,7
11449,12z FANTA ORANGE  12PK,7
11398,12z SPRITE 12PK,7
11393,20z CLASSIC COKE ,7
126542,BUG JUICE BERRY RASPBERRY,7
126546,11.5z CORE POWER STRAWBERRY BA,7
126547,11.5z CORE POWER VANILLA,7
126548,11.5z CORE POWER CHOCOLATE,7
126570,16.9z FRUITWATER BLACK RASPBER,7
126571,16.9z FRUITWATER ORANGE MANGO,7
126572,16.9z FRUITWATER STRAWBERRY KI,7
126573,16.9z FRUITWATER LEMON LIME,7
125948,1 LTR FUZE ICED TEA LEMON,7
125949,1 LTR FUZE ICED TEA HALF TEA H,7
125950,1 LTR FUZE STRAWBERRY LEMONADE,7
127328,20z VITAMIN WATER ENERGY,7
21710,20z VITAMIN WATER POWER C,7
127330,20z VITAMIN WATER REVIVE,7
21725,20z VITAMIN WATER XXX,7
61450,2z WORX ENERGY SHOT EXTRA STRE,21
74231,16.9z PET FUZE REFR BANA COLAD,7
11963,16z V8 SPLASH STRAWBERRY KIWI,7
24972,300ML TUM E YUMMIES GREENTAST,7
24971,300ML TUM E YUMMIES ORANGEARI,7
24973,300ML TUM E YUMMIES SOURSATIO,7
24969,300ML TUM E YUMMIES VERY BERR,7
4219,15.2Z MM APPLE JUICE,7
4221,15.2Z MM ORANGE JUICE ,7
17357,23z PEACE TEA GREEN TEA,7
17358,23z PEACE TEA LEMON TEA,7
17359,23z PEACE TEA RAZZLEBERRY,7
74768,23z PEACE TEA CADDY SHACK,7
128795,300ML TUM E YUMMIES FRUITABUL,7
126575,16z NOS ZERO,7
24366,18.5z GOLD PEAK DIET TEA PET,7
24367,18.5z GOLD PEAK LEMON TEA PET,7
24365,18.5z GOLD PEAK SWEETENED TEA ,7
126786,18.5z GOLD PEAK LEMONADE ICE T,7
126365,32z POWERADE SOUR MELON NEW,7
11541,16z FULL THROTTLE ENERGY DRINK,7
11650,16z FULL THROTTLE RED BERRY,7
23062,16z NOS,7
74389,16z NOS LOADED CHERRY,7
11639,32z POWERADE ZERO MIXED BERRY ,7
11612,32z POWERADE LEMON LIME ICON,7
11615,32z POWERADE MOUNTAIN BLAST IC,7
11616,32z POWERADE ORANGE ICON,7
11632,32z POWERADE STRAWBERRY LEMONA,7
121335,32z POWERADE WHITE CHERRY,7
11440,20z DASANI WATER,7
11475,1 LTR DASANI WATER,7
21700,700ML SMARTWATER  ,7
21732,1 LTR SMARTWATER  ,7
11614,32z POWERADE FRUIT PUNCH ICON,7
11609,32z POWERADE GRAPE,7
11629,2LTR DIET COKE SHAPED,7
11631,2LTR SPRITE SHAPED,7
11448,3L CLASSIC,7
11442,3L DIET COKE,7
11444,3L SPRITE,7
11409,355ML COKE DE MEXICO ,7
11624,355 ML FANTA ORANGE DE MEXICO ,7
59603,355ML SPRITE DE MEXICO,7
11628,2LTR CLASSIC SHAPED,7
11630,2LTR COKE ZERO SHAPED,7
74702,16z CHERRY COKE PET,7
65927,16z COCA COLA COKE BTL,7
65929,16z COKE ZERO BTL,7
65928,16z DIET COKE BTL,7
107620,16z SPRITE BTL,7
11412,1LTR CLASSIC COKE,7
11413,1LTR DIET COKE,7
11465,1LTR SPRITE,7
119259,FAYGO MOONMIST BLUE          P,7
11461,20z FANTA ORANGE,7
11472,20z FANTA STRAWBERRY,7
74376,20z MELLOW YELLOW,7
4233,20z MM LEMONADE,7
11458,20z CHERRY COKE ,7
11561,20z COCA COLA ZERO,7
11394,20z DT COKE,7
11427,20z SPRITE,7
11546,20z SPRITE ZERO,7
11473,20z FANTA GRAPE,7
22946,12z CORONA EXTRA 6PK BTL,4
18445,16z COORS LIGHT AL 9PK,4
22957,24z MODELO ESPECIAL SINGLE,4
18431,12z COORS LIGHT 30PK CN,4
19107,12z HEINEKEN 6PK BTL,4
113048,10z P BAY MANGO DAQ PCH,4
111802,24z DOS EQUIS SPECIAL LAGER 12,4
18418,24z COORS CN,4
113047,10z P BAY STRAWB DAQ PCH,4
19109,16z HEINEKEN CN,4
124645,16z TECATE MICHELADA CN,4
25253,12z TECATE 12PK CN,4
22956,12z MODELO ESPECIAL 12PK CN,4
18428,12z COORS LIGHT 18PK CN,4
8573,12z MILLER LITE 30PK CN,4
8526,24z ICEHOUSE CN,4
65842,24z TWISTED TEA HALF HALF CN,4
126274,16z REDDS APPLE ALE CN,4
24054,11.2z SMIRNOFF ICE 6PK BTL,4
24935,12z SAM ADAMS SEASONAL 6PK BTL,4
8572,12z MILLER LITE 18PK CN,4
22948,12z CORONA 12PK BTL,4
18439,12z COORS LIGHT 18PK BTL,4
18761,12z DOS EQUIS SPECIAL LAGER 6P,4
113046,10z P BAY PINA COLADA PCH,4
24062,24z SMIRNOFF TRIPLE BLACK BTL,4
25244,32z CARTA BLANCA BTL,4
8566,16z MILLER LITE AL 9PK,4
123585,12z SMIRNOFF ICE SCRWDRVR 6PK ,4
24933,12z SAM ADAMS LAGER 6PK BTL,4
8569,12z MILLER LITE 18PK BTL,4
25256,24z TECATE CN,4
18436,12z COORS LT 12PK BTL,4
8581,12z MILLER LITE 12PK CN,4
8535,12z MILLER HIGH LIFE 12PK BTL ,4
8574,24z MILLER LITE LS CN GRPHCS,4
8577,12z MILLER LITE 12PK BTL,4
18404,12z COORS LT 12PK CN,4
23193,750m KENDALL JAKSON CHARD,5
126299,750ml YOSEMITE ROAD MOSCATO,5
24094,750ml ARBOR MIST EX FRT WHT ZI,5
150627,750ml BAREFOOT MERLOT,5
106456,750ml BAREFOOT MOSCATO,5
126300,750ml YOSEMITE ROAD RED BLEND,5
12164,32z GATORADE FROST RIPTIDE RUS,7
12168,32z GATORADE FIERCE MELON,7
12178,32z GATORADE G2 FRUIT PUNCH,7
12179,32z GATORADE G2 GRAPE,7
12181,32z GATORADE AM ORANGE STRAW,7
12182,32z GATORADE AM TRPCL MANGO,7
12189,32z GATORADE G2 LEMON LIME,7
12192,32z GATORADE BERRY RAIN,7
12193,32z GATORADE LIME RAIN,7
12210,32z GATORADE COOL BLUE,7
12204,32z GATORADE MANGO XTREMO,7
12207,32z GATORADE FIERCE STRW,7
12217,32z GATORADE FIERCE GRAPE,7
12231,32z GATORADE FRUIT PUNCH,7
12232,32z GATORADE ORANGE,7
12233,32z GATORADE LEMON LIME,7
125896,32z GATORADE ARTIC CHERRY,7
753,1L LIPTON BRISK RASPBERRY,7
797,1L LIPTON BRISK SWEET,7
816,1L LIPTON BRISK STRWBRRY MELON,7
848,1L LIPTON BRISK TEA WITH LEMON,7
74607,1L LIPTON BRISK LEMONADE,7
74609,1L LIPTON BRISK PINK LEMONADE,7
74603,20z LIPTON NATURAL GREEN TEA C,7
74604,20z LIPTON NTRL GRN TEA CTRS D,7
74605,20z LIPTON NTURL GREEN TEA LEM,7
74606,20z LIPTON NTRL PMGRNTE BLBRRY,7
689,16z AMP ENERGY BOOST,7
122756,16z AMP FOCUS MIXED BERRY,7
122684,16z AMP BOOST CHERRY,7
122755,16z AMP BOOST GRAPE,7
74610,16z ROCKSTAR RECOVERY,7
123004,12z ROCKSTAR BERRY PINK,7
731,15.2z OCEAN SPRAY CRANBERRY,7
733,15.2z OCEAN SPRAY CRNBRRY GRP,7
819,15.2z OCEAN SPRAY ORANGE,7
12152,24z GATORADE LEMON LIME,7
12153,24z GATORADE FRUIT PUNCH ,7
12154,24z GATORADE COOL BLUE RASPBER,7
12156,24z GATORADE FIERCE GRAPE,7
766,15z STRBCKS DBL SHOT ENERGY MC,7
769,15z STRBCKS DBL SHOT ENERGY VA,7
547,13.7z FRAPPUCCINO COFFEE ,7
585,13.7z FRAPPUCCINO MOCHA,7
939,13.7z FRAPPUCCINO VANILLA,7
768,15z STRBCKS DBL SHOT ENERGY CO,7
814,1L LPTN BRSK HLF TEA HLF LMND,7
23976,16z ROCKSTAR ENERGY,7
23977,16z ROCKSTAR SUGAR FREE,7
23984,16z ROCKSTAR ZERO CARB,7
114018,16z ROCKSTAR RECOVERY ORANGE,7
127016,16z ROCKSTAR PUNCHED,7
24905,14z MUSCLE MILK VANILLA,9
24906,14z MUSCLE MILK BANANA,9
24903,14z MUSCLE MILK CHOCOLATE,9
24912,14z MUSCLE MILKSTRAWBERRY,9
2399,12z BUDWEISER 30PK CAN,4
2459,12z BUD LIGHT 30PK CAN,4
2502,16z BUD LIGHT 15PK ALBTL,4
2467,12z BUD LIGHT 18PK CAN,4
2515,12z MICHELOB ULTRA 18PK CAN,4
2504,12z MICHELOB ULTRA 18PK LN,4
125992,8z BUD LIGHT LIME STRAWBERRITA,4
2409,12z BUDWEISER 18PK CAN,4
2410,12z BUDWEISER 18PK BTL,4
2435,12z NATURAL LIGHT 18PK CAN,4
125626,12z BUD BLK CROWN 6PK BTL,4
124489,22z BUD LIGHT PLATINUM BTL,4
11227,AM SPIRIT BALANCE TASTE CELADO,2
11218,AM SPIRIT FULL BODIED BLUE BOX,2
11228,AM SPIRIT FULL BODIED DARK GRE,2
11216,AM SPIRIT MELLOW TASTE GREEN,2
11219,AM SPIRIT MELLOW YELLOW BOX,2
11226,AM SPIRIT MELLOW YELLOW BOX,2
11231,AM SPIRIT ORGANIC MELLOW GOLD,2
5563,BASIC,2
5569,BASIC,2
5591,BASIC BLUE,2
5567,BASIC BOX,2
5573,BASIC BOX,2
5579,BASIC GOLD BOX,2
5585,BASIC GOLD BOX,2
5571,BASIC MENTHOL BOX,2
5148,BENSON HEDGES,2
5150,BENSON HEDGES BOX,2
5155,BENSON HEDGES DELUXE BOX,2
5156,BENSON HEDGES DELUXE MENTHOL B,2
5152,BENSON HEDGES LUXURY,2
106390,BENSON HEDGES LUXURY BOX,2
5153,BENSON HEDGES LUXURY MENTHOL,2
5154,BENSON HEDGES LUXURY MENTHOL B,2
5149,BENSON HEDGES MENTHOL,2
5151,BENSON HEDGES MENTHOL BOX,2
973,CAMEL FILTER SOFTPACK,2
975,CAMEL BLUE,2
977,CAMEL BLUE BOX,2
1031,CAMEL BLUE BOX,2
974,CAMEL BOX,2
1081,CAMEL CRUSH,2
1080,CAMEL CRUSH,2
104659,CAMEL CRUSH BOLD,2
1023,CAMEL MENTHOL BOX,2
1072,CAMEL MENTHOL BOX,2
1024,CAMEL MENTHOL SILVER BOX,2
1073,CAMEL MENTHOL SILVER BOX,2
1269,CAMEL NO 9 BOX,2
1265,CAMEL NO 9 BOX,2
1266,CAMEL NO 9 MENTHE BOX,2
1109,CAMEL PLATINUM BOX,2
972,CAMEL NON FILTER,2
1153,CAMEL TURKISH GOLD BOX,2
1177,CAMEL TURKISH ROYAL BOX,2
1219,CAMEL TURKISH SILVER BOX,2
1322,CAMEL WIDE BLUE BOX,2
1320,CAMEL WIDE BOX,2
108305,CAMEL 13 BLUE BOX  0.75 1PK,2
108304,CAMEL 13 BLUE BOX  0.75 1PK,2
108825,CAMEL 13 BOX  0.75 1PK,2
116848,CAMEL 13 CRUSH BOLD  0.75 1PK,2
116847,CAMEL 13 CRUSH BOX  0.75 1PK,2
120145,CAMEL 13 CRUSH BOX  0.75 1PK,2
116846,CAMEL 13 MEN SILVER  0.75 1PK,2
116845,CAMEL 13 MENTHOL BOX  0.75 1PK,2
1112,CAMEL 99 BLUE BOX,2
1151,CAMEL 99 BLUE BOX,2
1111,CAMEL 99 BOX,2
4712,CAPRI INDIGO MENTHOL BOX,2
4707,CAPRI INDIGO MENTHOL BOX,2
4730,CAPRI JADE MENTHOL BOX,2
4711,CAPRI MAGENTA BOX,2
4706,CAPRI MAGENTA BOX,2
4729,CAPRI VIOLET BOX,2
25394,FORTUNA BLUE BOX,2
25430,FORTUNA BLUE BOX,2
25377,FORTUNA BLUE BOX,2
25413,FORTUNA BLUE BOX,2
25395,FORTUNA MENTHOL DK GRN BOX,2
25431,FORTUNA MENTHOL DK GRN BOX,2
25379,FORTUNA MENTHOL DK GRN BOX,2
25414,FORTUNA MENTHOL DK GRN BOX,2
25393,FORTUNA RED BOX,2
25429,FORTUNA RED BOX,2
25376,FORTUNA RED BOX,2
25412,FORTUNA RED BOX,2
1007,KAMEL RED BOX,2
1056,KAMEL RED BOX,2
1019,KAMEL RED SMOOTH BOX,2
4713,KOOL BOX,2
4743,KOOL BOX,2
4726,KOOL BOX,2
4727,KOOL XL BLUE BOX,2
5605,L M BLUE BOX,2
5609,L M BLUE BOX,2
5601,L M BOX,2
5600,L M BOX,2
5603,L M BOX,2
5602,L M BOX,2
5611,L M MENTHOL BOX,2
5613,L M MENTHOL BOX,2
73345,L M TURKISH BLEND BOX RTM    L,2
73347,L M TURKISH BLEND BOX RTM    L,2
73346,L M TURKISH BLEND BOX RTM    L,2
117020,MARL 12 MEN BLACK SB  .50 1 PK,2
124912,MARL 12 83S BOX  1 1PK,2
117018,MARL 13 BLACK SB  .50 1 PK,2
117017,MARL 13 BLACK SB  .50 1PK,2
117037,MARL 13 BLACK SB  .50 1PK,2
5453,MARL 13 BLND 27 BOX  1 1PK,2
111100,MARL 13 BLND 27 BOX  1 1PK,2
117019,MARL 13 MEN BLACK SB  .50 1PK,2
104865,MARL 13 MENT GLD BOX  1 1 PK,2
5450,MARL 13 MENT GLD BOX  1 1PK,2
5449,MARL 13 MENTHOL BOX  1 1PK,2
5467,MARL 13 MENTHOL BOX  1 1PK,2
124887,MARL 13 NXT BOX  .50 1PK,2
5447,MARL 13 RED LBL BOX  1 1PK,2
5469,MARL 13 RED LBL BOX  1 1PK,2
5756,MARL 13 RED LBL BOX  1 1PK,2
5456,MARL 13 SMOOTH BOX  1 1PK,2
111604,MARL 13 SMOOTH BOX  1 1PK,2
125609,MARL 13 SOUTHERN CUT  .50 1PK,2
125611,MARL 13 SOUTHERN CUT 1 1PK,2
125612,MARL 13 SOUTHERN CUT 1 1PK,2
5089,MARLBORO,2
5312,MARLBORO,2
5092,MARLBORO,2
5316,MARLBORO,2
114019,MARLBORO BLACK MENT SPEC BLND,2
73341,MARLBORO BLACK MENT SPEC BLND,2
73340,MARLBORO BLACK SPEC BLND BOX,2
73342,MARLBORO BLACK SPEC BLND BOX,2
77571,MARLBORO BLACK SPEC BLND BOX,2
5055,MARLBORO BLEND NO 27,2
5054,MARLBORO BLEND NO 27 BOX,2
5280,MARLBORO BLEND NO 27 BOX,2
111099,MARLBORO BLEND NO 27 BOX,2
5206,MARLBORO BLEND NO 54 MENTHOL B,2
5207,MARLBORO BLEND NO 54 MENTHOL B,2
5101,MARLBORO BLUE MENTHOL BOX,2
5102,MARLBORO BLUE MENTHOL BOX,2
5093,MARLBORO BOX,2
5317,MARLBORO BOX,2
5088,MARLBORO BOX,2
5310,MARLBORO BOX,2
5103,MARLBORO GOLD,2
5329,MARLBORO GOLD,2
5120,MARLBORO GOLD,2
5348,MARLBORO GOLD,2
5104,MARLBORO GOLD BOX,2
5331,MARLBORO GOLD BOX,2
5122,MARLBORO GOLD BOX,2
5350,MARLBORO GOLD BOX,2
5099,MARLBORO GOLD MENTHOL,2
5100,MARLBORO GOLD MENTHOL,2
5111,MARLBORO GOLD MENTHOL BOX,2
5339,MARLBORO GOLD MENTHOL BOX,2
5123,MARLBORO GOLD MENTHOL BOX,2
5351,MARLBORO GOLD MENTHOL BOX,2
5090,MARLBORO MENTHOL,2
5094,MARLBORO MENTHOL BOX,2
5318,MARLBORO MENTHOL BOX,2
5091,MARLBORO MENTHOL BOX,2
5315,MARLBORO MENTHOL BOX,2
124691,MARLBORO NXT BOX,2
124692,MARLBORO NXT BOX,2
5095,MARLBORO RED LABEL,2
5096,MARLBORO RED LABEL,2
5097,MARLBORO RED LABEL BOX,2
5098,MARLBORO RED LABEL BOX,2
5124,MARLBORO SILVER BOX,2
5352,MARLBORO SILVER BOX,2
5125,MARLBORO SILVER BOX,2
5353,MARLBORO SILVER BOX,2
5126,MARLBORO SILVER MENTHOL BOX,2
5354,MARLBORO SILVER MENTHOL BOX,2
5127,MARLBORO SILVER MENTHOL BOX,2
5355,MARLBORO SILVER MENTHOL BOX,2
5209,MARLBORO SKYLINE MENTHOL BOX,2
5208,MARLBORO SKYLINE MENTHOL BOX,2
5076,MARLBORO SMOOTH MENTHOL BOX,2
5299,MARLBORO SMOOTH MENTHOL BOX,2
5067,MARLBORO SMOOTH MENTHOL BOX,2
5292,MARLBORO SMOOTH MENTHOL BOX,2
125607,MARLBORO SOUTHERN CUT BOX,2
125608,MARLBORO SOUTHERN CUT BOX,2
5114,MARLBORO SPEC BLND GOLD BOX,2
5342,MARLBORO SPEC BLND GOLD BOX,2
5113,MARLBORO SPEC BLND GOLD BOX,2
5341,MARLBORO SPEC BLND GOLD BOX,2
5129,MARLBORO SPEC BLND RED BOX,2
5357,MARLBORO SPEC BLND RED BOX,2
5128,MARLBORO SPEC BLND RED BOX,2
5356,MARLBORO SPEC BLND RED BOX,2
5220,MARLBORO VIRGINIA BLEND BOX,2
5221,MARLBORO VIRGINIA BLEND BOX,2
5214,MARLBORO 72 BLUE MENTHOL BOX,2
5216,MARLBORO 72 BOX,2
5217,MARLBORO 72 GOLD BOX,2
5539,MARLBORO 72 GOLD BOX,2
5215,MARLBORO 72 GREEN MENTHOL BOX,2
5105,MARLBORO 72 SILVER BOX,2
124068,MARLBORO 83S BOX,2
4444,NEWPORT MENTHOL,2
4445,NEWPORT MENTHOL,2
4441,NEWPORT MENTHOL BOX,2
4464,NEWPORT MENTHOL BOX,2
4442,NEWPORT MENTHOL BOX,2
4465,NEWPORT MENTHOL BOX,2
4440,NEWPORT MENTHOL GOLD BOX,2
4443,NEWPORT MENTHOL GOLD BOX,2
126411,NEWPORT MENTHOL SMOOTH SEL BOX,2
126413,NEWPORT MENTHOL SMOOTH SEL BOX,2
55969,NEWPORT NON MENTHOL BOX,2
55970,NEWPORT NON MENTHOL BOX,2
4735,PALL MALL BLUE BOX,2
4737,PALL MALL BLUE BOX,2
4759,PALL MALL BLUE BOX,2
124672,PALL MALL MENTHOL BLACK BOX,2
124673,PALL MALL MENTHOL BLACK BOX,2
124674,PALL MALL MENTHOL BLACK BOX,2
124675,PALL MALL MENTHOL BLACK BOX,2
4736,PALL MALL MENTHOL BOX,2
4758,PALL MALL MENTHOL BOX,2
4738,PALL MALL MENTHOL BOX,2
4760,PALL MALL MENTHOL BOX,2
124676,PALL MALL MENTHOL WHITE BOX,2
124677,PALL MALL MENTHOL WHITE BOX,2
124678,PALL MALL MENTHOL WHITE BOX,2
4704,PALL MALL ORANGE BOX,2
4705,PALL MALL ORANGE BOX,2
4734,PALL MALL RED BOX,2
4756,PALL MALL RED BOX,2
4739,PALL MALL RED BOX,2
4761,PALL MALL RED BOX,2
5175,PARLIAMENT BLUE BOX,2
5180,PARLIAMENT SILVER BOX,2
5171,PARLIAMENT WHITE,2
5170,PARLIAMENT WHITE BOX,2
5174,PARLIAMENT WHITE BOX,2
988,SALEM BOX,2
989,SALEM BOX,2
992,SALEM GOLD BOX,2
126284,SANDIA BLUE BOX              L,2
126276,SANDIA BOX                   L,2
126280,SANDIA BOX                   L,2
127571,SANDIA MENTHOL BOX           L,2
126278,SANDIA ROYAL BLUE BOX        L,2
126282,SANDIA ROYAL BLUE BOX        L,2
25388,SONOMA BLUE,2
25389,SONOMA GOLD,2
25392,SONOMA GOLD BOX,2
25391,SONOMA GOLD BOX,2
25386,SONOMA MENTHOL DK GRN,2
25381,SONOMA MENTHOL DK GRN BOX,2
25380,SONOMA MENTHOL DK GRN BOX,2
25385,SONOMA MENTHOL GRN,2
25382,SONOMA MENTHOL GRN BOX,2
25390,SONOMA RED,2
25384,SONOMA RED BOX,2
25383,SONOMA RED BOX,2
5165,VIRGINIA SLIM BOX,2
5159,VIRGINIA SLIM GOLD BOX,2
5160,VIRGINIA SLIM GOLD MENTHOL BOX,2
5162,VIRGINIA SLIM GOLD MENTHOL BOX,2
5163,VIRGINIA SLIM SILVER BOX,2
5212,VIRGINIA SLIM SILVER BOX,2
5167,VIRGINIA SLIM SS BOX,2
5168,VIRGINIA SLIM SS MENTHOL BOX,2
987,WINSTON GOLD BOX,2
1011,WINSTON GOLD 100'S BOX,2
982,WINSTON RED SHORTS BOX,2
1034,WINSTON RED SHORTS BOX,2
1155,WINSTON RED 100's BOX,2
1156,WINSTON RED 100's BOX,2
16791,BLK MLD,3
16798,PRIME TIME FILT CGR CHERRY HP,3
16814,PRIME TIME FILT CGR GRAPE HP,3
122516,BLK MLD CIGRLO CLAS 2  1.29,3
122515,SKOAL X TRA PCH MINT 1    3.79,3
124580,BLK MLD CIGRLO JAZZ 2  .99,3
122517,COPENHAGEN LC STRT 1   2.75,3
76639,BLK MLD CIGRLO SWEETS,3
111424,BLK MLD CIGRLO SWT 2  .99,3
122509,BLK MLD CIGRLO WINE FOIL 2PK,3
122518,BLK MLD CIGRLO WINE 2  1.29,3
16796,BLK MLD CREAM,3
16813,BLK MLD CREAM UPRIGHT,3
125988,BLK MLD JAZZ PT  1  .79,3
125989,BLK MLD JAZZ WT  1  .79,3
16795,BLK MLD MILD,3
16819,BLK MLD MILD UPRIGHT,3
77631,BLK MLD ORIG PT PP .69     219,3
126653,BLK MLD ORIG PT 5FOR4      219,3
16801,BLK MLD ORIG WT,3
16817,BLK MLD ORIG WT UPRIGHT,3
16824,BLK MLD ROYALE UPRIGHT,3
16825,BLK MLD ROYALE WT,3
16821,BLK MLD ROYALE WT UPRIGHT,3
76642,BLK MLD SHORTS ORIG,3
76635,BLK MLD SHORTS ORIG BOX,3
76636,BLK MLD SHORTS WINE BOX,3
16811,BLK MLD UPRIGHT,3
16793,BLK MLD WINE,3
77632,BLK MLD WINE PT PP .69     219,3
126652,BLK MLD WINE PT 5FOR4      219,3
16816,BLK MLD WINE UPRIGHT,3
16802,BLK MLD WINE WT,3
16818,BLK MLD WINE WT UPRIGHT,3
4828,BUGLER ORIG PCKT PCH,3
127102,CAMEL SNUS FROST      LRG,3
1018,CAMEL SNUS FROST      15 PCS,3
990,CAMEL SNUS MELLOW     15 PCS,3
122505,CAMEL SNUS MINT       15 PCS,3
1017,CAMEL SNUS ROBUST     15 PCS,3
1016,CAMEL SNUS WINTERCHILL 15 PCS,3
19204,COPE LC STRAIGHT,3
19160,COPENHAGEN FC NATURAL,3
19237,COPENHAGEN LC BLACK,3
19167,COPENHAGEN LC NATURAL,3
126962,SWISHER SWT CIGRLO  22867  2,3
123737,COPENHAGEN LC SOUTHERN BLEND,3
19227,COPENHAGEN LC STRAIGHT,3
126961,BLK MLD SWEETS WT          1,3
19222,COPENHAGEN LC WINTERGREEN,3
126927,OCB ORG HEMP PAPERS SLIM KS,3
19183,COPENHAGEN POUCH,3
77391,COPENHAGEN POUCH WINTERGREEN,3
19228,COPENHAGEN XLC NATURAL,3
111144,D MASTER CIGRLO 3PK WINE,3
7895,G VEGA CIGARILLO,3
110367,G VEGA CIGRLO FOIL 3FOR2    UP,3
10328,GRIZZLY FC NATURAL,3
10334,GRIZZLY FC WINTERGREEN,3
10335,GRIZZLY LC MINT,3
10336,GRIZZLY LC NAT EXTRA,3
10332,GRIZZLY LC STRAIGHT,3
10326,GRIZZLY LC WINTERGRN,3
74025,GRIZZLY POUCH MINT,3
10303,GRIZZLY POUCH STRAIGHT,3
10312,GRIZZLY POUCH WINTERGREEN,3
10313,GRIZZLY SNUFF,3
150383,GRIZZLY SNUFF PCH,3
21005,H TAMPA JEWEL SWEET,3
21123,JOB FRENCH WHT PAPER,3
21918,JOB GOLD 1.25 24S,3
21919,JOB GOLD 1.5 24S,3
24729,JOB ORANGE 1.25 24S,3
24725,JOB SINGLE WIDE PAPERS,3
26317,MARLBORO SNUS FOIL PK AMBER,3
16879,PHILLIES BLUNT CHOCOLATE UPRIG,3
16911,PHILLIES BLUNT GRAPE     UPRIG,3
16944,PHILLIES CIGARILLO GRAPE,3
16910,PHILLIES CIGARILLO GRAPE UPRIG,3
16936,PHILLIES CIGARILLO PEACH,3
16934,PHILLIES CIGARILLO STRWBERRY,3
125105,PRIME TIME LIL CIGAR CHERRY,3
125106,PRIME TIME LIL CIGAR GRAPE,3
125104,PRIME TIME LIL CIGAR VANILLA,3
125080,PRIME TIME LIL GRAPE,3
21852,PRIME TIME LIL VANILLA,3
125110,PRIME TIME LIL WATERMELON,3
21861,PRIME TIME 100S CIGAR CHERRY,3
21862,PRIME TIME 100S CIGAR RASPBERR,3
21860,PRIME TIME 100S CIGAR VANILLA,3
16859,RED MAN GLDN BLND,3
16858,RED MAN ORIGINAL,3
20967,RED MAN LC WINTERGREEN,3
19171,RED SEAL FC NAT,3
19172,RED SEAL FC WINTERGREEN,3
19198,RED SEAL LC NATURAL,3
19176,RED SEAL LC STRAIGHT,3
19170,RED SEAL LC WNTRGRN,3
125108,SANTA FE FILT CGR,3
125109,SANTA FE FILT CGR MILD,3
19168,SKOAL FC WINTERGREEN,3
19201,SKOAL LC APPLE,3
19182,SKOAL LC BERRY,3
19177,SKOAL LC CHERRY,3
19202,SKOAL LC CITRUS BLEND,3
19207,SKOAL LC CLASSIC,3
19156,SKOAL LC MINT,3
125698,COPENHAGEN LC MINT 1   2 75,3
19210,SKOAL LC PEACH,3
19178,SKOAL LC SPEARMINT,3
19153,SKOAL LC STRAIGHT,3
125699,GRIZZLY POUCH WINTRGRN 1   3 5,3
19169,SKOAL LC WINTERGREEN W CPN,3
125697,GRIZZLY POUCH WINTRGRN 1   2 1,3
19200,SKOAL PCH MINT,3
19185,SKOAL PCH WINTERGREEN,3
65514,SKOAL SNUS MINT,3
65515,SKOAL SNUS SMOOTH MINT,3
74280,SKOAL X TRA LC MINT,3
74275,SKOAL X TRA LC WINTERGRN,3
126955,SKOAL X TRA LC WNTR 1    3.20,3
74278,SKOAL X TRA PCH CRISP,3
74274,SKOAL X TRA PCH MINT,3
126929,SKOAL X TRA PCH MINT 1    3.20,3
126959,SKOAL X TRA PCH WNTR 1    3.20,3
74273,SKOAL X TRA PCH WNTRGRN,3
124775,SWISHER SWT BLK CIGRLO  5FOR3P,3
113028,SWISHER SWT BLK CIGRLO CHRRY I,3
125103,SWISHER SWT BLK CIGRLO PP  .59,3
113027,SWISHER SWT BLK CIGRLO SMOOTH,3
4358,SWISHER SWT BLUNT,3
4361,SWISHER SWT CIGRLO,3
124782,SWISHER SWT CIGRLO BLBRY 5FOR3,3
124688,SWISHER SWT CIGRLO BLK  2 1.19,3
113032,SWISHER SWT CIGRLO BLUBRY   .5,3
106230,SWISHER SWT CIGRLO GRAPE   .59,3
124783,SWISHER SWT CIGRLO PEACH 5FOR3,3
106228,SWISHER SWT CIGRLO PP .59,3
4378,SWISHER SWT CIGRLO STRAWBERRY,3
123936,SWISHER SWT CIGRLO STRWB 5FOR3,3
106229,SWISHER SWT CIGRLO WHT GRP   .,3
124330,SWISHER SWT CIGRLO 2CT PCH,3
124781,SWISHER SWT CIGRLO 5FOR3PK,3
4363,SWISHER SWT LTL CIG,3
4364,SWISHER SWT LTL CIG MILD,3
125081,SWISHER SWT TIP CIGRLO 5FOR3,3
21133,TOP CIG PAPERS,3
111170,W OWL CIGRLO SWEET 5 4PK PRICE,3
124804,W OWL FOIL CIGRLO 3FOR2 BLACK,3
124699,W OWL FOIL CIGRLO 3FOR2 GRAPE,3
110368,W OWL FOIL CIGRLO 3FOR2 GRN SW,3
124707,W OWL FOIL CIGRLO 3FOR2 PEACH,3
124703,W OWL FOIL CIGRLO 3FOR2 SILVER,3
124695,W OWL FOIL CIGRLO 3FOR2 STRAWB,3
110369,W OWL FOIL CIGRLO 3FOR2 SWEET,3
111140,WHITE CAT CIGRLO       2PK,3
121111,ZIG ZAG CIGAR WRAP APPLE,3
121035,ZIG ZAG CIGAR WRAP BLUEBERRY,3
121036,ZIG ZAG CIGAR WRAP CHERRY,3
121034,ZIG ZAG CIGAR WRAP GRAPE,3
121114,ZIG ZAG CIGAR WRAP MELON,3
121112,ZIG ZAG CIGAR WRAP PEACH,3
21864,PRIME TIME 100S CIGAR WILD BRY,3
21863,PRIME TIME 100S CIGAR STRAWBRY,3
8071,A H BAKING SODA,19
126976,ABBA ZABA STRAWBERRY PB,8
77446,ACT II MICRO POP BTR LVR TRAY,15
122921,ADVIL CHILD,21
7671,ADVIL TABS,21
19378,AIRHEADS ASST CHECKSTAND PACK,8
19365,AIRHEADS MINIS               ,8
19370,AIRHEADS XTRM SR BELT,8
8043,ALEVE CAPS,21
1981,HALLS MENTHO LYPTUS,21
8187,ALMOND JOY,8
8233,ALMOND JOY KING SZ,8
428,ALPO PRIME CUTS GRVY BEEF DNR,20
3511,ALTOIDS PEPPERMINT         ,8
76905,ALTOIDS SMALLS PEPPERMINT S F,8
4569,ANDY CAPP FRIES CHEDDAR UNPRIC,15
4570,ANDY CAPP FRIES HOT       ,15
74647,23z  ARIZONA TEA  H&H PINK LEM,7
15626,23z  ARIZONA TEA GREEN TEA,7
125604,23z  ARIZONA TEA RASPBERRY,7
124647,23z  ARIZONA TEA  CHERRY LIME ,7
15631,24z ARIZONA SWEET TEA CAN,7
74299,23z  ARIZONA TEA AP HALF AND H,7
15633,23z  ARIZONA TEA FRUIT PUNCH ,7
125605,23z  ARIZONA TEA LEMON,7
15643,24z ARIZONA TEA WATERMELON,7
2011,ARMOUR POTTED MEAT,19
2007,ARMOUR SAUSAGE VIENNA,19
2008,ARMOUR SAUSAGE VIENNA BBQ,19
2009,ARMOUR SAUSAGE VIENNA HOT SPIC,19
7525,AUNT JEMIMA PANCAKE MIX ORIG,19
126146,B CANYON CHIPS MALT VINEGAR SA,15
126147,B CANYON CHIPS SEA SLT CRCK PE,15
126145,SUNKIST TRAIL MIX EXPRSO GRANO,15
126232,B CROCKER SWT RWRDS BAR CCHIP,17
9567,BABY BOTTLE POP ASSORTED,8
123926,BABY BOTTLE POP RATTLERZ,8
4897,BABY RUTH,8
4885,BABY RUTH BIG BAR          ,8
105055,ROLAIDS ROLLS MINT ULT STR TRA,21
126525,BAYER ASPIRIN ADVANCED XS 500M,21
3577,BBL TAPE AWESOME ORIG,8
125674,AFRIN NASAL SPRAY ORIGINAL,21
7748,BC HEADACHE PWDER 6DOSE    ,21
24988,8Z GOOD2GROW FRUIT PUNCH,7
17221,BIG HUNK,8
126263,BIG LEAGUE CHEW ORIGINAL,8
4548,BIG MAMA SAUSAGE,17
25184,BIGS SNFLWR SDS DILL PICKLE,15
25186,BIGS SNFLWR SDS STUBBS BBQ C S,15
77312,BIGS SNFLWR SDS SEA SALT BLK P,15
25185,BIGS SNFLWR SDS SIZZLIN BACON,15
9845,BLISTEX L BALM MED          ,21
9875,BLK FOREST GMY BEARS,8
9878,BLK FOREST GMY GLO WORMS,8
9877,BLK FOREST GMY WORMS,8
12569,BORDEN CHSE BAR COLY MNT JACK,10
8896,BOUNCE SCENTED SINGLES 25 USE,20
1865,BOWL APPETIT CHEESE ROTINI,19
1867,7 11 K CUP COFF COLUMBIAN,19
126230,BOYARDEE MW BEEF RAVIOLI,19
16010,BOYARDEE MW BEEFRONI,19
16002,BOYARDEE MW LASAGNA,19
16011,BOYARDEE MW MINI BEEF RAVIOLI,19
16001,BOYARDEE MW SPAG & MEATBALL,19
75225,BREATH SAVERS CINNAMON ROLL,8
8268,BREATH SAVERS PEPPERMINT,8
8272,BREATH SAVERS SPEARMINT,8
8269,BREATH SAVERS WINTERGREEN,8
126003,BREATH SAVERS 3 HR SPEARMINT,8
1516,BUBBLICIOUS STRAWBERRY,8
21299,BUDDIG HAM,10
21300,BUDDIG TURKEY,10
1914,BUGLES HOT BUFFALO,15
1938,BUGLES NACHO,15
1901,BUGLES ORIGINAL,15
126494,BUMBLE B CHNK LT TUNA W WTR,19
24760,BUMBLE B LNCH ON RUN CHIX SALA,19
24759,BUMBLE B LNCH ON RUN TUNA SALA,19
4898,BUTTERFINGER,8
4886,BUTTERFINGER KING SZ       ,8
70869,C VALET ADVIL CONGESTION 1TAB,21
125252,C VALET ADVIL CONGESTION 2TAB,21
26212,C VALET ADVIL LQG           ,21
122924,C VALET ADVIL PM 2CAPS      ,21
127198,C VALET ADVIL PM 4TABS,21
26144,C VALET ADVIL 4TABS         ,21
26241,C VALET AFRIN NASAL SPRAY 6ML,21
26147,C VALET ALEVE 2S            ,21
26194,C VALET ALKA SLTZR PLS 2TAB,21
127070,C VALET ALKA SLTZR 4TAB 2DOSE,21
26203,C VALET ANBESOL MX STR GEL 2PC,21
26251,C VALET ANTISPTC ONTMNT STRIPS,21
126577,C VALET BAN BOAT ULTRA SPF30,21
26149,C VALET BAYER ASPIRIN 4TAB  ,21
26199,C VALET CLARITIN N D 1 TABLET,21
26156,C VALET CLEAR EYES 2Z CARDED,21
70867,C VALET CONTAC COLD FLU      ,21
127217,C VALET CONTAC COLD FLU 4CAPS,21
122917,C VALET COPPERTONE ULTRA SPF30,21
26160,C VALET DRAMAMINE 4TAB      ,21
26201,C VALET DYQUIL LIQGEL        N,21
70856,C VALET EMRGN C NRG IMMN RASP,21
122887,C VALET GILLETE SHV CRM RAZOR,21
70862,C VALET GNC VITAPK MEN ENERGY,21
70864,C VALET GNC VITAPK MEN SPORT,21
123045,C VALET GOODYS HEADACHE PWDR,21
26184,C VALET HERB ESSEN COND 2Z NRM,21
26183,C VALET HERB ESSEN SHAMP 2Z NR,21
122927,C VALET HUGGIES DIAPER LARGE 2,21
127076,C VALET MIDOL COMP MAX 4CAPS,21
26200,C VALET MIDOL MAX STRNGHTH 2CA,21
26170,C VALET MOTRIN 4CAPS        ,21
26242,C VALET MUCINEX DM 12HR 2TAB,21
122926,C VALET NAIL POLISH REMVR 2CT,21
126113,C VALET NYQUIL CLD FLU    8LQC,21
126725,C VALET NYQUIL COLD   FLU,21
26202,C VALET NYQUIL LIQGEL        ,21
124687,C VALET PAINAID ESF 4TAB,21
26177,C VALET PEPTO BISMOL 4TAB   ,21
26171,C VALET SCOPE M WASH 1.5Z   14,21
26192,C VALET TYLENOL XS 4CAPS    ,21
126151,C VALET VICKS VAPORUB       ,21
123039,C VALET VIVARIN TABLETS,21
26214,C VALET ZANTAC 1TAB         ,21
122857,CABLE CAR APPLE RINGS,8
122861,CABLE CAR BURNT PEANUTS,8
122867,CABLE CAR CANDY CORN,8
122860,CABLE CAR CHERRY SOURS,8
122862,CABLE CAR GUMMY BEARS,8
122872,CABLE CAR GUMMY BLUE SHARKS,8
122855,CABLE CAR GUMMY WORMS,8
122869,CABLE CAR JELLY BEANS,8
122864,CABLE CAR ORANGE SLICES,8
122856,CABLE CAR PEACH RINGS,8
122863,CABLE CAR SOUR NEON WORMS,8
8192,CADBURY CARAMELLO,8
8235,CADBURY CARAMELLO KING SZ,8
123712,CADBURY CREME EGG GREEN YOLK,8
11937,CAMPBELL CHICKEN NOODLE,19
11935,CAMPBELL CHIX W RICE,19
11969,CAMPBELL MW BWL CHIX DUMPLING,19
11968,CAMPBELL MW BWL CHNK CHX NOODL,19
11967,CAMPBELL MW BWL SRLN CNTRY VEG,19
122932,7 11 K CUP COFF EXCLUSIVE,19
11971,CAMPBELL SAH CHIX W MINI NOODL,19
122931,CAMPBELL SAH CREAMY TOMATO,19
11953,7 11 K CUP COFF PUMPKIN,19
122916,CAREFREE PNTY LNR BAKING SODA,21
22346,7 SELECT ACID HEARTBURN REDUCE,21
25972,CARMEX TUBE CARDED,21
11856,CARN COFFEEMATE,19
123495,CASCADE ACTION PACS REG,20
456,CELLA CHERRIES MLK,8
8807,CHAPSTICK CARD CHERRY,21
18211,CHARLESTON CHEW MINI 4Z,8
124595,CHARMIN ULT STRNG           ,20
1742,CHARMS BLO POPS ASSORTED,8
3793,CHEEZ IT,15
122544,CHEEZ IT BAKED SNK MIX,15
122471,CHEEZ IT DBL CHEESE,15
120974,CHEEZ IT DUOZ CHED PARMSN,15
122482,CHEEZ IT DUOZ SMKD CHED MONT J,15
3805,CHEEZ IT HOT SPCY,15
3795,CHEEZ IT ORIG,15
123496,CHEEZ IT PEPPER JACK,15
3804,CHEEZ IT WHT CHEDD,15
1854,CHEX MIX BOLD PARTY BLEND,15
1853,CHEX MIX CHEDDAR,15
1882,CHEX MIX CHOC TURTLE,15
1921,CHEX MIX JALA CHEDD,15
1934,CHEX MIX MUDDY BUDDIES,15
1871,CHEX MIX TRADITIONAL,15
9593,CHICK O STICK COUNT GOOD,8
126692,7 SELECT COLD FLU DAYTIME,21
23139,CHORE BOY SCOURING PADS,20
122897,CLIF BAR BUILDERS CHOC MINT,17
18643,CLIF BAR BUILDERS CHOC PNUT BT,17
126251,CLIF BAR BUILDERS MAX CARM PNU,17
126252,CLIF BAR BUILDERS MAX CCH CK D,17
18637,CLIF BAR CHOC CHIP PEANUT CRUN,17
18635,CLIF BAR CHOCOLATE CHIP,17
126234,LINK SQUATCH STK MILD,17
126235,LINK SQUATCH XXL STK MILD,17
18636,CLIF BAR PEANUT BUTTER,17
70463,CLIF BAR WHT CHOC MACADAMIA,17
124602,CLOROX LIQ BLEACH CONCENTRATED,20
8631,COLGATE TBRSH XTRA CLEAN,21
111910,7 SELECT IBUPROFEN,21
9857,COMBOS CHEDD CHS PRETZEL,15
125613,COMBOS CHEDD CHS PRETZEL,15
9854,COMBOS JALA CHEDD TORTILLA,15
9859,COMBOS PEPPERONI PIZZA,15
9861,COMBOS PIZZA PRETZEL,15
16469,BOUNCE OUTDOOR FRESH,20
124307,CONTAC COLD FLU,21
17787,CORNNUTS                   ,15
17788,CORNNUTS BBQ               ,15
17786,CORNNUTS CHILI PIC         ,15
17789,CORNNUTS NACHO CHEESE      ,15
17784,CORNNUTS RANCH            ,15
123620,CORNNUTS ULTIMATE HEAT,15
125651,CRACKER JACKD HRTY MX CHED BBQ,15
125652,CRACKER JACKD HRTY MX PB CHOC,15
126135,CRACKER JACKD HRTY MX ZSTY QUE,15
125653,SUNKIST TRAIL MIX STRWBRY BANA,15
126136,CRACKER JACKD SWT SLTY CLST CA,15
126248,CRAYON MANGO,19
18388,CRAYON STRAWBERRY,19
12013,CRISCO VEGETABLE OIL,19
10399,CRYSTAL LGHT OTG LEMONADE    ,19
10400,CRYSTAL LGHT OTG PEACH TEA   ,19
10401,CRYSTAL LGHT OTG RASP ICE    ,19
17276,CUP O NOODLES BEEF,19
17278,CUP O NOODLES CHICKEN,19
17277,CUP O NOODLES SHRIMP,19
4552,D S BAG SNFLWR SDS ORIG,15
4556,D S PUMPKIN SDS,15
4555,D S PUMPKIN SDS            ,15
4562,D S SNFLWR SDS BBQ,15
4566,D S SNFLWR SDS CHILI LIME,15
4557,D S SNFLWR SDS DILL PICKLE,15
4559,D S SNFLWR SDS JAL HT SLSA,15
69875,D S SNFLWR SDS JUMBO BUFFLO RN,15
126122,D S SNFLWR SDS JUMBO CRKD PEPP,15
69876,D S SNFLWR SDS JUMBO HOT   ,15
69874,D S SNFLWR SDS JUMBO ORIG,15
4565,D S SNFLWR SDS RANCH,15
114522,DENTYNE ICE SPLIT2FIT ARTIC CH,8
114523,DENTYNE ICE SPLIT2FIT PEPPERMI,8
114524,DENTYNE ICE SPLIT2FIT SPEARMIN,8
114525,DENTYNE ICE SPLIT2FIT SPICY CI,8
1380,DENTYNE PURE MINT W HERBS,8
70581,DETOUR BAR CARAMEL PNUT LO SGR,17
19392,DETOUR BAR CARAMEL PNUT ORIG,17
70582,DETOUR BAR LEAN MUSCLE CDGH CA,17
126245,DETOUR BAR NEOPOLITAN LO SGR,17
123638,DETOUR LEAN MUSCLE DRINK CHOC,7
123637,DETOUR LEAN MUSCLE DRINK VAN B,7
9881,DIAMOND PLASTIC CUTLERY ASST,20
18356,DIGIORNO PZA FOR 1 TRAD CRST P,13
18355,DIGIORNO PZA FOR 1 TRAD CRST S,13
125946,DIGIORNO PZA PEPPERONI 12IN,13
8932,DINTY MOORE MICRO BF STEW,19
18343,CAFE DELIGHT SUGAR PURE,19
113751,DOVE SLKY SMTH BR MILK CHOC,8
65758,DOVE SOAP WHITE REG,21
122941,DOWNY LIQ APRIL FRESH     ,20
114735,ECLIPSE POLAR ICE,8
114736,ECLIPSE SPEARMINT,8
114734,ECLIPSE WINTERFROST,8
3461,EXTRA CLASSIC BUBBLE SLIM PK,8
126367,EXTRA DSRT DLT RAINBOW SHERBET,8
3458,EXTRA FRT SNSTN SWT WTRMLN,8
3464,EXTRA PEPPERMINT SLIM PK,8
3466,EXTRA POLAR ICE SLIM PK,8
126631,EXTRA SMOOTH MINT,8
3467,EXTRA SPEARMINT SLIM PK,8
3459,EXTRA WINTERFRESH SLIM PK,8
21043,FAMOUS AMOS CHOC CHIP,16
105131,FIBER ONE 90CAL BRWNE CHOC FUD,17
105133,FIBER ONE 90CAL BRWNE CHOC PB,17
4292,FOLGERS COFFEE AUTO DRIP,19
124753,7 11 COFF EXCLUSIVE BLND RETAI,19
10075,FRENCHS MUSTARD SQUEEZE,19
11869,FRISKIES BUF WHITE FISH   TUNA,20
126132,FSTG TORTILLA CHIPS JALAPENO,15
126137,FSTG TORTILLA CHIPS MULTIGRAIN,15
126138,FSTG TORTILLA CHIPS SWEET POTA,15
1862,G MILLS CEREAL CUP CHEERIOS,19
1859,G MILLS CEREAL CUP CINN TOAST,19
1860,G MILLS CEREAL CUP H N CHEERIO,19
1861,G MILLS CEREAL CUP LUCKY CHARM,19
1896,G MILLS CHEERIOS HONEYNUT,19
1931,G MILLS CINN TOAST CRUNCH TREA,16
55006,G MILLS FIBER ONE BAR OATS CHO,17
1897,G MILLS LUCKY CHARMS,19
1946,G MILLS MLK N CRL CIN TST CRCH,19
1945,G MILLS MLK N CRL HNY NUT,19
122940,GAIN LIQ 2X ORIG           ,20
1913,GARDETTO GARLIC RYE CHIPS,15
1874,GARDETTO ORIG RECIPE,15
1878,GARDETTO SPCL ITALIAN,15
1917,GLDN GRAHAM TRT BAR CHOC MRSHM,16
1916,GLDN GRAHAM TRT BAR PNT BTR CH,16
22323,GOBSTOPPERS FAMILY SIZE BOX,8
125667,GOBSTOPPERS VIDEO BOX,8
306,GOOD N PLENTY BOX,8
8606,GOODART PNUT PATTY,8
125037,GOODTIMES BUNDLED FIREWOOD .65,22
126244,GUMMI JALAPENOS         E.FRUT,8
126255,GUMMI LUNCH BAG 229     E.FRUT,8
126264,GUMMI MOVIE BAG 232     E.FRUT,8
7807,HALLS CHERRY,21
7808,HALLS HONEY LEMON,21
7810,COLGATE TPSTE REG TRAVEL SZ,21
122969,HEATH KING SZ,8
304,HEATH TOFFEE BAR,8
115508,HEIDE JUJYFRUITS,8
1602,HEINZ KETCHUP,19
125485,HERO ENERGY SHOT BERRY XSTR,21
124306,HERO ENERGY SHOT MIXED BERRY,21
126588,CHAP ICE LIP REVO FISHBOWL,21
8164,HERSHEY ALMOND,8
8154,HERSHEY ALMOND KING SZ,8
70046,HERSHEY ALMOND X LARGE,8
77226,HERSHEY CHOC AIR DELIGHT,8
70049,HERSHEY COOKIES N CREME XL BAR,8
8162,HERSHEY COOKIES N CRM,8
8342,HERSHEY COOKIES N CRM KING,8
122503,HERSHEY DROPS COOKIES N CRM KS,8
8375,HERSHEY DROPS MLK CHOC KS,8
8163,HERSHEY MILK,8
123978,HERSHEY MILK CHOC BAR,8
8153,HERSHEY MILK KING SZ,8
70045,HERSHEY MILK X LARGE,8
126133,HKA PRETZEL NUGGETS PB FILLED,15
122890,HLTHY CH MW BWL CHIX RICE,19
122922,HORMEL COMPLEATS CHIX RICE,19
8931,CAMPBELL SPAGHETTIOS,19
122902,HORMEL M W CHILI NO BNS,19
8942,HORMEL M W CHILI W BEAN,19
122964,LOUISIANA HOT SAUCE,19
126911,HOST DING DONGS,16
126910,HOST HO HO,16
126908,HOST TWINKIES,16
126909,HOST ZINGERS DEVILS FOOD,16
10552,HOT PCKT HAM CHEESE SUPER,11
10548,HOT PCKT HAM CHEESE TWIN PK,11
10555,HOT PCKT PHILLY STEAK CHSE SUP,11
10547,HOT PCKT PIZZA PEPP TWIN PK,11
10553,HOT PCKT PIZZA PEPPERONI SUPER,11
122054,HOT TAMALES,8
126369,HUBBA BUBBA DR PEPPER,8
3393,HUBBA BUBBA MAX OUTRAGEOUS ORI,8
3365,HUBBA BUBBA MAX STRAW WATRMLN,8
126368,HUBBA BUBBA ORANGE CRUSH,8
126418,I F BANANA CHIPS            ,17
122993,I F CHERRY DELIGHT          ,17
122913,I F CHOC NUT TRAIL MIX      ,17
122994,I F CRANBERRY HEALTH        ,17
122942,I F PISTACHIO R S           ,15
122911,I F PRETZEL YOGURT      ,15
126419,I F WHOLE ALMONDS           ,15
8086,ICE BREAKER MINTS COOL MINT,8
122979,ICE BREAKER MINTS DUO RASPBRY,8
122978,ICE BREAKER MINTS DUO STRAWBRY,8
8246,ICE BREAKER MINTS PEPP,8
75174,ICE BREAKER MINTS SPEARMINT,8
8088,ICE BREAKER MINTS WNTRGRN,8
8247,ICE BREAKER MINTS WNTRMN,8
8107,ICE BREAKER SOURS,8
126402,IMODIUM MULTI SYMP RLF CAPLETS,21
21386,J DEAN BRKFST BSCT SAUSAGE,11
21381,J DEAN BRKFST BWL BACON EGG,13
330,J RANCHER ASST,8
122502,J RANCHER BITES GUMMI KS,8
74863,J RANCHER FRT CHW AWESME TWOSM,8
327,J RANCHER FRT CHW ORIG,8
328,J RANCHER FRT CHW TROPICAL,8
108546,J RANCHER GUMMI,8
307,J RANCHER KISSES APPLE,8
285,J RANCHER SCREAMING SOURS,8
24213,JERKY BEEF GREEN CHILI,17
24215,LINK SQUATCH XXL STK ORIG,17
24216,JERKY BEEF PEPPERED,17
24214,TILLAMOOK JRKY OLD FASH  PP 5,17
126613,JIF PNUT BTR CREAMY,19
2521,JIM BEAM SUNFLWR SDS BBQ,15
9566,JUICY DROP LAYDOWN BOX       ,8
18206,JUNIOR MINTS 4Z,8
7627,KEEBLER CHEESE CHEDDAR,15
7613,KEEBLER CHEESE PNUT BTTR,15
7610,KEEBLER CKIE ANIMAL FROSTED  S,16
7608,KEEBLER CLUB CRACKERS        ,15
7615,KEEBLER CLUB W CHEDDAR,15
126246,KEEBLER FUDGE STRIPES,16
126222,KEEBLER PITTER PATTER PB BTR C,16
126221,KEEBLER PITTER PATTER PB CHOC,16
7614,KEEBLER TOAST N PB,15
9053,KELLOGG CRL IN A CUP APPLE JAC,19
8990,KELLOGG CRL IN A CUP COCO KRIS,19
9043,KELLOGG CRL IN A CUP FROOT LOO,19
9046,KELLOGG CRL IN A CUP FROST FLA,19
8994,KELLOGG CRL IN A CUP RB CRUNCH,19
123630,KELLOGG FRSTD FLAKES,19
9047,KELLOGG RICE KRSP TRT BAR,16
122834,KELLOGG RICE KRSP TRT BIG ORIG,16
122835,KELLOGG RICE KRSP TRT CHOC CHU,16
8976,KELLOGG SPCL K BAR RED BERRIES,17
126143,KELLOGG SPCL K CRCKR CHP CHEDD,15
126144,KELLOGG SPCL K CRCKR CHP SEASA,15
8968,KELLOGG SPCL K ML BAR CHOC PB,17
8970,KELLOGG SPCL K ML BAR DBL CHC,17
24414,KETTLE CHIPS JALAPENO,15
24412,KETTLE CHIPS SALT VINEGAR,15
126391,KIBBLES N BITS ORIG,20
123923,KIDSMANIA BUBBLE DOZER,8
125592,KIDSMANIA I.C.U. CYCLOPS MONST,8
123927,KIDSMANIA LASER POP,8
123924,KIDSMANIA QUICK BLAST 3 FLVRS,8
123922,KIDSMANIA SODA CAN FIZZY,8
12749,KIND NAT BAR FRUIT NUT DELIGHT,17
122984,KIND PLUS CRANBRY ALMOND BAR,17
124537,KINGS HAWAIIAN SWT BREAD 4.4Z,14
10747,KINGSFORD CHARCOAL BRIQUETTS,22
10753,KINGSFORD CHARCOAL LIGHTER   B,22
10754,KINGSFORD CHARCOAL LIGHTER   C,22
10748,KINGSFORD MATCHLIGHT BALE,22
8168,KIT KAT,8
70048,KIT KAT BAR XL,8
8160,KIT KAT KING SZ,8
126238,KIT KAT MINIS KING SZ,8
8102,KIT KAT WHITE CHOC,8
10452,KOOL AID BURST BLUE MOON,7
10461,KOOL AID BURST KIWI LIME   ,7
10453,KOOL AID BURST TROP PUNCH  ,7
10454,KOOL AID BURST WILD CHERRY ,7
3282,KRAFT AMERICAN CHS SNGL,10
3260,KRAFT C BARL STK XSHARP,10
10615,KRAFT CHSE NIPS 4CHSE BIG BAG,15
3265,KRAFT EASY MAC CUP ORIG,19
3266,HEINZ RELISH SWEET SQUEEZE,19
3271,KRAFT EASY MAC CUP VELVEETA,19
3272,KRAFT MAYONNAISE SQZ BOTTLE,19
3254,KRAFT MED CHEDDAR CHUNK EA ,10
3285,KRAFT PHIL CREAM CHSE PLN  BRI,10
126403,L FRANCES CARAMELS   METAL DSP,8
3415,L SAV FIVE FLAVOR BIG SZ   ,8
2606,L SAV FIVE FLAVOR PEG       ,8
124589,L SAV GUMMI COLLISIONS PCH KIN,8
2603,L SAV GUMMI FIVE FLVR PEG   ,8
114740,L SAV GUMMI 5 FLAVOR PCH KING,8
3416,L SAV WINT O GREEN BIG SZ  ,8
20995,LA COSTENA WHOLE JALAPENO,19
22316,LAFFY TAFFY BANANA,8
22286,LAFFY TAFFY CHERRY,8
17430,LIFESTYLES KYNG LARGE,21
17411,LIFESTYLES LUB,21
17424,LIFESTYLES RIBBED PLEASURE LUB,21
17427,LIFESTYLES SKYN MAX PROTECTN,21
70834,ELF PENCIL SHRPNR DUAL      17,21
17429,LIFESTYLES THYN,21
17418,LIFESTYLES ULTRA SENSITIVE,21
17420,LIFESTYLES W SPERMICIDE,21
2025,LINK BF   CHSE ALL AMER,17
2024,LINK BF STEAK PEPPRD,17
2088,LINK BF STEAK PEPPRD JUMBO,17
2097,LINK BF STICK CADDY ORIG,17
2086,LINK BF STK JUMBO 2Z,17
122981,LINK JRKY ORIG HICKORY SMKHSE,17
2083,LINK JRKY ORIGINAL,17
55030,LINK JRKY PEPPERED,17
2084,LINK JRKY TERIYAKI,17
122975,LINK JRKY 7X9 BG A1 STEAK SCE,17
108599,LINK JRKY 7X9 BG BBQ,17
122976,LINK JRKY 7X9 BG JALA CARNE SE,17
2062,LINK JRKY 7X9 BG ORIG,17
55034,LINK JRKY 7X9 BG ORIG HCKRY SM,17
2064,LINK JRKY 7X9 BG PEPPERED,17
69535,LINK JRKY 7X9 BG STKHSE BEEF,17
2063,LINK JRKY 7X9 BG SWEET HOT,17
2065,LINK JRKY 7X9 BG TERIYAKI,17
2077,LINK NUGGTS 7X9 BG TERIYAKI,17
69541,LINK SASQUATCH BIG STCK MUG SH,17
69540,LINK SASQUATCH BIG STK MILD,17
10737,LIQUID PLUMBER,20
18570,LOOK OUT PIE PECAN,16
18876,LUCAS BABY,8
18882,LUCAS CHAMOY BABY,8
124462,LUCAS PELUCAS,8
124464,LUCAS SALSAGHETTI WTRMLN GUMMI,8
1922,LUCKY CHARMS TREATS,16
125728,LUV POPS CHERRY HEARTS TUB,8
2636,CASCADE ACTION PACS FRESH SCEN,20
113756,M M ALMOND CHOC KS SHARE SIZE,8
9232,M M MILK CHOC,8
9300,M M MILK CHOC KING SZ,8
9360,M M MILK CHOC PEG PACK,8
9233,SNICKERS BITES UNWRAPPED SUP,8
9258,M M PEANUT BUTTER,8
9267,M M PEANUT BUTTER KING SZ,8
9301,M M PEANUT KING SZ,8
9361,M M PEANUT PEG PACK,8
9445,M M PRETZEL CHOC,8
113750,M M PRETZEL CHOC KING SZ,8
126728,M M RED WHITE   BLUE P W,8
122988,M M SNK MIX MILK CHOC,8
122989,M M SNK MIX PEANUT,8
65784,MALT O MEAL CINN TOASTERS,19
65785,MALT O MEAL FROST MINI SPOONER,19
10179,MARUCHAN INST LUNCH BEEF,19
10178,MARUCHAN INST LUNCH CHIX,19
126236,MARUCHAN INST LUNCH HOT SPCY ,19
10180,MARUCHAN INST LUNCH SHRMP,19
10186,MARUCHAN RAMEN BEEF,19
10185,MARUCHAN RAMEN CHIX,19
10189,MARUCHAN YAKISOBA CHICKEN,19
10190,MARUCHAN YAKISOBA TERIYAKI,19
18215,MASON DOTS ASST 7.5Z,8
19376,MENTOS GUM PURE FRS MINT,8
19372,MENTOS GUM PURE FRS SPEARMINT,8
126600,MENTOS GUM PURE WHITE MINT,8
19348,MENTOS MINT,8
19350,MENTOS MIXED FRUIT,8
75643,MENTOS ROLLS RAINBOW,8
24148,MEOW MIX ORIG               ,20
21741,MET RX CHOC CHIP COOKIE DOUGH,17
21737,MET RX PRTN PLS CHOC CHOC CHUN,17
21739,MET RX PRTN PLS CHOC RST PNT C,17
122055,MIKE   IKE,8
298,MILK DUDS,8
124875,MILKY WAY,8
126629,MILKY WAY BITES KING SZ,8
9291,MILKY WAY KING SZ,8
9252,MILKY WAY MIDNIGHT,8
9328,MILKY WAY SIMPLY CARAMEL,8
75424,MILKY WAY SIMPLY CARAMEL KING,8
116782,MIO WTR ENHNCR ENERGY BLK CHER,21
116781,MIO WTR ENHNCR ENERGY GRN THUN,21
18567,MOON PIE DOUBLE DECKER BANANA,16
18565,MOON PIE DOUBLE DECKER CHOCOLA,16
18566,MOON PIE DOUBLE DECKER VANILLA,16
4182,MORTON SALT IODIZED,19
124316,MORTON SALT PEPPER SHAKER,19
1788,MOTTS CLAMATO PICANTE CKTL,7
1789,MOTTS CLAMATO TOMATO CKTL 32z,7
1784,MOTTS CLAMATO TOMATO CKTL 16z,7
8094,MOUNDS,8
122968,MOUNDS KING SZ,8
8165,MR GOODBAR,8
8156,MR GOODBAR KING SZ,8
70047,MR GOODBAR X LARGE,8
25037,7 11 HONEY BUN SHPR,16
18679,MRS FRESH CARROT CAKE,16
18688,MRS FRESH DANISH BLUBRY CHSE,16
18687,MRS FRESH DANISH CHERRY CHSE,16
18712,MRS FRESH DREAMIES CRM CKE GLD,16
126510,8z N.O XPLODE FRUIT PUNCH   B,7
126511,8z N.O XPLODE WATERMELON    ,7
117384,NAB BELVITA BLUEBERRY,15
125996,NAB BELVITA CHOCOLATE,15
125997,NAB BELVITA CINN   BROWN SUGAR,15
117383,NAB BELVITA GOLDEN OAT,15
123625,NAB CH AHOY BIG   CHEWY W REES,16
123621,NAB CH AHOY BIG CHEWY CHOC,16
65790,NAB CH AHOY CHEWY,16
123623,NAB CH AHOY CHUNKY KING SZ,16
10619,NAB CH AHOY CONV PACK       ,16
10612,NAB CH AHOY MINI             ,16
10687,NAB CH AHOY SS              37,16
121682,NAB CRCKRFUL BIG STUFF CHEDDAR,15
121683,NAB CRCKRFUL BIG STUFF PNUT BT,15
10691,NAB EASY CHEESE AMERICAN    ,15
125790,NAB FIG NEWTONS CONV PACK,16
10574,NAB FIG NEWTONS F F S S    ,16
10688,NAB FIG NEWTONS SS          ,16
10698,NAB NILLA WAFERS CONV CTN   ,16
10589,NAB NUTTER BUTTR BITES       ,16
10701,NAB NUTTER BUTTR CONV       ,16
10689,NAB NUTTER BUTTR SS         ,16
105067,NAB OREO BROWNIE CREME FILLED,16
10616,NAB OREO CONV PACK          ,16
123624,NAB OREO COOKIE KING SZ,16
10686,NAB OREO COOKIE SS          ,16
123622,NAB OREO DOUBLE STUFF KING SZ,16
10613,NAB OREO MINI BIG BAG        ,16
10593,NAB PREM SALTINE CONV       ,15
10594,NAB PREM SALTINE CRCKR      ,15
10611,NAB RITZ BITS SNDW PNT BTR,15
10610,NAB RITZ BITS SNDW RL CHS,15
126690,NAB RITZ CONV PACK,15
113036,NAB RITZ CONV PACK,15
127052,NAB RITZ CRACKERS,15
10576,NAB SNCKWL CREAM SNDWCH S S 01,16
10566,NAB TEDDY GRM CINN,16
123183,NAB WHEAT THINS,15
126000,NAB WHEAT THINS IC SPICY BUFFA,15
125999,NAB WHEAT THINS IC ZESTY SALSA,15
12323,NACHO KIT   3170250,11
12322,NACHO KIT              3170370,11
24130,NAKED JCE ANTIOXDNT MIGHTY MAN,7
24134,NAKED JCE BERRY BLAST,7
24133,NAKED JCE BLUE MACHINE,7
24131,NAKED JCE GREEN MACHINE,7
1904,NAT VALLEY CHWY TRAIL MIX,17
1891,NAT VALLEY OATS HONEY,17
1892,NAT VALLEY PNUT BTR,17
1888,NAT VALLEY STRW YOGURT,17
120616,NBE ALCOHOL 70,21
16766,CHAP ICE LIP REVO PINK STRAWBR,21
124329,CHAP ICE LIP REVO RED CHERRY,21
124686,CHAP ICE LIP REVO TANGERINE,21
116331,DOVE SOAP WHITE REG,21
114662,NBE EYE DROPS              ,21
116332,NBE HYDROGEN PEROXIDE 3,21
126981,NBE MOUTHWASH PEPPERMNT    SCO,21
122900,NBE NAIL POLISH RMVR       CUT,21
115877,NBE NASAL SPRY 12HR MST     AF,21
115879,NBE PAIN LIQ CHILD GRAPE    TY,21
115876,NBE PAIN RLF IBUPROFEN     ADV,21
115878,NBE PAIN RLF XS N ASP        ,21
116245,NBE PETROLEUM JELLY     VASELI,21
125666,NERDS RAINBOW VIDEO BOX,8
22290,NERDS ROPE                  ,8
126272,NESCAFE CLASICO COFFEE,19
125729,NESTEA BLKTEA LEMON          ,7
150721,NESTEA BLKTEA LEMON DIET     ,7
16506,1L NESTLE PURE LIFE WATER,7
16504,20z NESTLE PURE LIFE WATER,7
16498,NESTLE PURE LIFE WTR PURI,7
16505,700ML NESTLE PL WTR SPORT CAP,7
126250,NUTELLA GO,19
9023,NUTRI GRAIN BAR APPLE CINN,17
9024,NUTRI GRAIN BAR BLUEBERRY,17
9025,NUTRI GRAIN BAR STRAWBERRY,17
126104,O REDBACHER KETTLE KORN,15
126130,TILLAMOOK JRKY TERIYAKI  PP 5,17
126128,TILLAMOOK STK I W HNTR SSG,17
7772,OC SPRAY CRAISINS ORIG,17
7786,OC SPRAY CRANBERRY JUICE     ,7
11122,OFF DEEP WOODS BUG REPEL UNSC,20
10808,OM BACON,10
10763,OM BEEF FRANKS,10
10802,OM BOLOGNA BF,10
10800,OM BOLOGNA REGULAR,10
10805,OM CHOPPED HAM,10
10807,OM COOKED HAM,10
10842,OM LNCHBL BOLOGNA AMER W COOKI,11
70808,OM LNCHBL CRCKR STCKR TRKY CHD,11
10795,OM LNCHBL FN PK HAM AMRCN,11
126231,OM LNCHBL FN PK NACHOS,11
10794,OM LNCHBL FN PK TRKY AMRCN,11
10819,OM LNCHBL HAM SWISS W CRACKER,11
10820,OM LNCHBL TURKEY CHEDD CRCKR,11
10762,OM WIENERS,10
3427,ORBIT GUM BUBBLEMINT,8
3424,ORBIT GUM PEPPERMINT,8
75083,ORBIT GUM REMIX STRAWBERRY,8
75082,ORBIT GUM REMIX TROPICAL     ,8
3422,ORBIT GUM SPEARMINT,8
3421,ORBIT GUM SWEET MINT,8
3426,ORBIT GUM WINTERMINT,8
3629,OZARKA .5L,7
3621,OZARKA DISTILLED WATER,7
3624,OZARKA DRINKING WATER,7
3623,OZARKA DRINKING WATER,7
3632,.5LTR OZARKA NTRL SPRN WTR 6PK,7
3646,OZARKA PACK SPRING WATER,7
3633,20z OZARKA SPRING WATER,7
3620,OZARKA SPRING WATER,7
3641,24Z OZARKA WATER SPORT CAP,7
3630,1L OZARKA SPRING WATER,7
3628,OZARKA SPRING WATER 1.5 LTR,7
3640,OZARKA SPRING WATER 3 LTR,7
3634,OZARKA WATER TUXEDO PACK .5LT,7
8617,PALMOLIVE ULTRA LIQ ORIGINAL,20
7494,PARKAY STICKS         ,10
342,PAYDAY,8
343,PAYDAY KING SZ,8
126249,PELON PELO RICO LLPOP MANGO TA,19
126253,PELON PELO RICO PICOSITOS,19
18392,PELON PELO RICO TAMARIND CHILI,8
18387,PELONAZO TAMARIND,19
18393,PELONETES TAMARIND CHILI,19
7646,PEPTO BISMOL,21
20004,PERRIER PET 24 LS,7
124774,PIERRE FASTBITE CHEESEBURGER,11
124771,PIERRE FASTBITE SNDW BBQ RIB,11
124770,PIERRE FASTBITE SNDW BRD CHIX,11
124772,PIERRE FASTBITE SNDW FISH   CH,11
124773,PIERRE FASTBITE SNDW SPCY CHIX,11
17852,PIERRE HOT RDY CHSBRGR JALAP,11
123494,PINE SOL LIQUID CLNR,20
7457,PLT B B CASHEWS SALT        ,15
7459,PLT B B H R CASHEWS         ,15
7427,PLT B B H R PNUTS           ,15
7428,PLT B B SALTED PNUTS        ,15
7467,PLT MUNCH HEAT SPCY PNT,15
7466,PLT MUNCH HNY RSTD PNT      ,15
7468,PLT MUNCH SALTED CSHW       ,15
7465,PLT MUNCH SALTED PNTS       ,15
125150,PLT PNUTS DRY ROASTED,15
7469,PLT TUBE H R CASHEWS        ,15
7471,PLT TUBE NUT ALMOND         75,15
7458,PLT TUBE TRL MX NUT CHC     77,15
9011,POP TARTS FROST BLUEBERRY,19
9013,POP TARTS FROST BRWN SGR CINN,19
9016,POP TARTS FROST STRAWBERRY,19
9041,POP TARTS HOT FUDGE SUNDAE,19
24999,POST FRUITY PEBBLES,19
26369,POWER BAR PERF PEANUT BUTTER,17
125752,PRINGLES GRAB GO LG BBQ,15
125753,PRINGLES GRAB GO LG CHED CHSE,15
125754,PRINGLES GRAB GO LG ORIGINAL,15
125755,PRINGLES GRAB GO LG SR CRM ONI,15
107855,PURELL ALOE HAND SANITIZER,21
2141,PURINA CAT CHOW ORIGINAL,20
9565,PUSH POP ASST DSPLY BOX,8
9564,PUSH POP JUMBO               ,8
126229,QUAKER REAL MEDLEY APPLE WALNU,19
126227,QUAKER REAL MEDLEY PEACH ALMON,19
21259,REESES PB CUP STANDARD BAR C U,8
11125,RAID ANT   ROACH AEROSOL,20
125737,RE SOURCE SPRING WATER     PLS,7
77591,REDLINE ENRG XTREME WATERMLN B,7
77590,REDLINE XTRME TRIPLE BERRY,7
8141,REESES BIG CUP,8
8401,REESES CRISPY CRUNCHY BAR KING,8
8307,REESES FAST BREAK,8
8096,REESES FAST BREAK KING SZ,8
70050,REESES MILK CHOC BAR XL,8
8150,REESES NUTRAGEOUS KING SZ,8
8389,REESES PB BIG CUP KNG SZ,8
8209,REESES PB CUP,8
8228,REESES PB CUP DARK CHOC,8
111467,REESES PB CUP GIANT BAR XMAS,8
8219,REESES PB CUP KING SZ,8
8392,REESES PB CUP MINI HANGING BAG,8
8396,REESES PB CUP MINI KING SZ,8
8190,REESES PB CUP WHITE CHOC,8
104554,REESES PB XMAS TREES KING,8
8170,REESES PIECES,8
8335,REESES PIECES BIG BOX,8
8148,REESESTICKS KING SZ,8
107051,REYNOLDS FOIL,20
9563,RING POP LE FRUIT TWISTED    ,8
70237,HERSHEY KS ASST P W,8
126265,RIPS WHIPS                   ,8
26398,ROCHER 3 PK,8
126983,ROCKY RD,8
8166,ROLO,8
122504,ROLO MINIS KS,8
10714,ROSARITA REFRIED BEANS,19
1993,S.O.S. SOAP PADS,20
123163,SCOTT BATH TISSUE WHITE,20
25275,SCREAMIN ENRG LIQUID MAX HIT,21
8864,SECRET WIDE SOLID PWDR FRESH,21
4838,SHEDDS COUNTRY CROCK BOWL,10
4205,SIMPLY LEMONADE            ,7
4202,SIMPLY LEMONADE W RASPBRY  PLS,7
4207,SIMPLY ORANGE ORIG         ,7
21940,SKIPPY DOG CHUNKY 3 IN 1,20
9263,SKITTLES,8
9307,SKITTLES BITE SIZE KS,8
9385,SKITTLES BITE SIZE PEG PACK,8
126259,SKITTLES RIDDLES         SINGL,8
9272,SKITTLES SOUR,8
9265,SKITTLES TROPICAL,8
9264,SKITTLES WILD BERRY,8
8195,SKOR,8
4495,SLIM JIM BF N CHSE MILD    ,17
73296,SLIM JIM DARE GIANT HABENERO,17
73295,SLIM JIM DARE GIANT JALAPENO,17
4513,SLIM JIM GIANT MILD        ,17
4511,SLIM JIM GIANT NACHO       ,17
4515,SLIM JIM GIANT PEPP,17
4508,SLIM JIM GIANT STICK       ,17
4509,SLIM JIM GIANT TABASCO     ,17
4540,SLIM JIM KIPPRD STK ORIG BEEF,17
4539,SLIM JIM KIPPRD STK TERIYAKI,17
4520,SLIM JIM MONSTER STCK HONEY BB,17
4525,SLIM JIM MONSTER STCK ORIG,17
4522,SLIM JIM MONSTER STCK TOBASCO,17
4498,SLIM JIM PEPPERONI CHZ   ,17
77441,SMITHFIELD PORK RINDS HOT,15
77440,SMITHFIELD PORK RINDS ORIG,15
12008,SMUCKERS JELLY GRAPE,19
124880,SNICKERS,8
9253,SNICKERS ALMOND,8
9323,SNICKERS ALMOND KING SZ 2 PIEC,8
126630,SNICKERS BITES KING SZ,8
9271,SNICKERS KING SZ 2 PIECE,8
9286,SNICKERS MARATHON PNUT BUTTER,17
9444,SNICKERS PNUT BTR SQRS     SNG,8
121342,SNICKERS PNUT BTR SQRS KING SZ,8
125329,SNICKERS XXL XMAS BAR,8
113755,SNICKERS 3X CHOC BAR 2 TO GO K,8
9592,SOLO SQUARE CUP 18Z,20
8607,SOUR JACKS SOUR CNDY WATERMELO,8
17129,SOUR PATCH EXTREME           ,8
17125,SOUR PATCH KD ASST,8
17126,SOUR PATCH KD ASST,8
17127,SOUR PATCH KD WTRMLN,8
17131,SOUR PATCH XPLODERZ,8
9836,SOUR PUNCH STRAWS STRAWBERRY,8
8930,SPAM LUNCHEON MEAT,19
3588,SPEED STK DEOD ORIG,21
123762,SPITZ SUNFLWR SDS CHILI LIME,15
126116,SPITZ SUNFLWR SDS CRCK PEPPR,15
126115,SPITZ SUNFLWR SDS DILL PICKLE,15
126114,SPITZ SUNFLWR SDS SMOKY BBQ,15
65800,SPLENDA PKTS RTL ,19
22255,SPREE CHEWY POUCH SINGL     ,8
122966,STACYS PITA CHIPS PARM GRLC HE,15
122965,STACYS PITA CHIPS SIMPLY NAKED,15
9347,STARBURST FAVEREDS,8
126635,STARBURST FLAVOR MORPH,8
9430,STARBURST GUMMIBURST SOUR,8
9305,STARBURST MEGASTICK ORIGINAL,8
9238,STARBURST ORIGINAL,8
9261,STARBURST TROPICAL,8
9056,STAYFREE MAXI PADS REG,21
1720,STOUF LASAGNA S S,13
1721,STOUF MACARONI   CHEESE,13
126118,STRIDE FEARLESS FRUIT,8
124553,STRIDE ID GUM BERRY MELON,8
124552,STRIDE ID GUM PEPPERMINT,8
124554,STRIDE ID GUM SPEARMINT,8
126480,STRIDE ID MANGO TANGO,8
126479,STRIDE ID WINTERMIXER,8
124555,STRIDE SHAUN WHITE MINTACULAR,8
105126,STRIDE SHAUN WHITE WHITEMINT,8
1481,STRIDE SLAB FOREVER FRUIT,8
1479,STRIDE SLAB SPEARMINT,8
1480,STRIDE SLAB SWT PEPPERMNT,8
1478,STRIDE SLAB WINTERBLUE,8
60468,STRIDE SPARK KINETIC FRUIT,8
123619,STRIDE TROPICAL TRANCE,8
1758,TROLLI SR BRT CRAWLER WRD BEAR,8
108341,SUPRM PRTN BR CARB,17
127170,SUPRM PRTN BR PNUT BTR,17
10855,SWEET N LOW,19
22277,SWEETARTS CHEWY             ,8
22254,SWEETARTS SHOCKERS 1.65Z,8
126506,SIMPLY FRUIT PUNCH         PLS,7
126507,16.9z SYNTHA 6 SHAKE STRWBRY ,7
126508,GOOD2GROW FRUIT PUNCH,7
126974,TABASCO CHOC WEDGES I W CNTR T,8
454,TABASCO PEPPER SAUCE,19
8126,TAKE 5 KING SZ,8
8205,TAKE 5 STANDARD BAR,8
19137,TAMPAX REGULAR ABSORBENCY TAMP,21
11135,TGIF BUFFALO WINGS,13
18493,TGIF POT SKINS BCN CHEDD,15
70810,TGIF QUESADILLA MEX STYLE CHIX,13
126239,TIC TAC BIG PK CINNAMON SPICE,8
26394,TIC TAC BIG PK POWERMINT    SN,8
26389,TIC TAC BIG PK SNGLS FRESHMINT,8
26390,TIC TAC BIG PK SNGLS ORANGE,8
26391,TIC TAC BIG PK SNGLS WINTERGRE,8
122831,TIC TAC BIG PK STRAWBERRY FIEL,8
65805,TIDE LIQ SNGL LOAD 3PK,20
16875,TIDY CAT 3 LITTER,20
4547,TIJUANA MAMA,17
18198,TOOTSIE POPS ASSTD,8
10391,TOTINOS PZA PARTY COMBO,13
10390,TOTINOS PZA PARTY PEPPERONI,13
10388,TOTINOS PZA PARTY SAUSAGE,13
10387,TOTINOS PZA ROLL COMBO 15CT,13
10386,TOTINOS PZA ROLL PEPPERONI 15C,13
10385,TOTINOS PZA ROLL SAUSAGE 15CT,13
125736,TRADEWINDS TEA GRN W HONEY   P,7
125735,TRADEWINDS TEA HALF   HALF   ,7
125734,TRADEWINDS TEA UNSWEETENED   ,7
125483,TRIDENT ISLAND BERRY LIME,8
123618,TRIDENT LYRS BERRY TANGERINE,8
1403,TRIDENT LYRS GRN APPL PINEAPPL,8
105120,TRIDENT LYRS PEACH MANGO,8
1402,TRIDENT LYRS STRWBRY CTRUS,8
1444,TRIDENT SPLASH STRWBRY W LIME,8
105125,TRIDENT SPLASHING FRUIT,8
105124,TRIDENT SPLASHING MINT,8
1412,TRIDENT SUPR PK TROP WTRMLN TW,8
1424,TRIDENT VALU PAK BUBBLE,8
1417,TRIDENT VALU PAK CINNAMON,8
1415,TRIDENT VALU PAK ORIGINAL,8
1422,TRIDENT VALU PAK SPEARMINT,8
1437,TRIDENT VALU PAK TROP TWIST,8
1426,TRIDENT VALU PAK WTRMLN TWIST,8
60439,TRIDENT VITALITY VIGORATE,8
114552,TRIDENT WHT SPLIT2FIT PEPPERMI,8
114553,TRIDENT WHT SPLIT2FIT SPEARMIN,8
1464,TRIDENT XTRACARE PEPPRMNT,8
3224,TROLLI BRITE OCTOPUS BAG   ,8
3218,TROLLI GUMMI BEARS         ,8
73292,TROLLI GUMMI BIG BOLD BEARS,8
3219,TROLLI GUMMI PEACHIE O     ,8
3223,TROLLI GUMMI SR BRITECRWLRS ,8
11305,TROP JUICE APPLE PET,7
11302,TROP JUICE ORANGE PET,7
11364,TROP PURE PREM APPLE,7
11365,TROP PURE PREM CRANBERRY,7
11366,TROP PURE PREM GRAPE,7
11361,TROP PURE PREM ORIG ORANGE JUI,7
11314,TROP SEASONS BEST JUICE CRAN P,7
24989,TUMMY TICKLER TOTS,7
69339,6Z GOOD2GROW APPLE,7
7697,TUMS EX RL ASST,21
7708,TUMS EX RL BERRY ASST,21
84663,TUMS EX RL CHERRY,21
7702,TUMS RL ASST FLAVORS,21
7700,TUMS RL ORIG PEPPERMINT,21
7705,TUMS ULTRA RL BERRIES MAX,21
7706,TUMS ULTRA RL PEPP,21
24856,TURTLES PECAN KING SZ,8
107292,TWANG HOT LIME LONG NECK C S,15
3719,TWANG LONG NECK STRIP LEMON LI,15
3709,TWANG SALT PKT LEMON LIME,15
3711,TWANG SALT PKT LIME,15
3710,TWANG SALT PKT PICKLE,15
3714,TWANG SHAKER CHILI,15
3712,TWANG SHAKER LEMON LIME,15
3715,TWANG SHAKER LIME,15
3722,TWANG SHAKER LIME LONG NECK C,15
3713,TWANG SHAKER PICKLE,15
9303,TWIX CARAMEL BAR,8
9293,TWIX CARAMEL BAR KING SZ,8
9297,TWIX PEANUT BUTTER,8
9302,TWIX PEANUT BUTTER KING SZ,8
124561,TWIZZLERS LICORICE NIBS CHERRY,8
8099,TWIZZLERS PULLNPEEL CHERRY,8
8230,TWIZZLERS STRAWBERRY,8
8408,TWIZZLERS STRAWBERRY LICORICE,8
8405,TWIZZLERS STRWBRRY TWST KNG SZ,8
26328,VALENTINA HOT SCE RED LABEL,19
12121,VAN CAMPS BEANEE WEENEE,19
126243,VAN CAMPS BEANEE WEENEE BBQ,19
9084,VAN HOLTEN PICKLE BIG PAPA DIL,15
115408,VAN HOLTEN PICKLE CHIPOTLE  ,15
9082,VAN HOLTEN PICKLE HOT    I W 6,15
9081,VAN HOLTEN PICKLE KOSHER I W 6,15
9080,VAN HOLTEN PICKLE MILD   I W 6,15
19673,VISINE EYE DROPS ORIG,21
120478,VO 5 HAIR SPRAY EXBOY HARDTOHO,21
122923,TILLAMOOK STK I W ORIGINAL,17
8608,WELCHS FRT SNK BERRIES CHERRIE,17
126149,WELCHS FRT SNK CONCORD GRAPE,17
126150,WELCHS FRT SNK ISLAND FRUIT,17
8610,WELCHS FRT SNK MIXED FRUIT,8
8609,WELCHS FRT SNK STRAWBERRY,17
21048,WET ONES TRVL PAKS XG SENSITIV,21
8169,WHATCHAMACALLIT,8
8183,WHATCHAMACALLIT KING SIZE,8
302,WHOPPERS BIG BOX,8
24154,WHT CASTLE CH BURGER 6PK,13
2674,WINDEX SPRAY,20
74295,WISC CHEESE CHEDDAR MEDIUM,10
74296,WISC CHEESE PEPPERJACK,10
127006,WISC CHEESE STRING TWIN,10
126119,WONDERFUL ALMONDS RSTD   SLTD,15
122915,WONDERFUL PISTACHIOS,15
125884,WONDERFUL PISTACHIOS RSTD SLTD,15
22322,WONKA KAZOOZLES CHRRY PUNCH,8
126406,WRIGLEY ALERT MINT IC,8
3441,WRIGLEY BIG RED SLIM PK,8
3439,WRIGLEY DOUBLEMINT SLIM PK,8
3440,WRIGLEY JUICY FRUIT SLIM PK,8
3438,WRIGLEY SPEARMINT SLIM PK,8
3442,WRIGLEY WINTERFRESH SLIM PK,8
3432,WRIGLEY 5 COBALT P T P,8
75085,WRIGLEY 5 GREEN APPLE VORTEX,8
75092,WRIGLEY 5 PRISM ELCTRC WATERML,8
3434,WRIGLEY 5 RAIN P T P,8
75094,WRIGLEY 5 REACT FRUIT,8
55779,WRIGLEY 5 REACT MINT,8
126260,WRIGLEY 5 RPM FRUIT,8
126261,WRIGLEY 5 RPM MINT,8
8188,YORK PEPRMNT PATTIES,8
16493,ZANTAC 150 TABS MAX STR,21
337,ZERO,8
338,ZERO KING SZ,8
15974,ZONE PERF CHOC PNUT BTTR,17
15977,DUKES SMKD SSG SHRTY SHPR,17
15976,CHEFS CUT JRKY ORIGINAL,17
7562,ZYRTEC ALLERGY 24HR 10MG,21
124881,3 MUSKETEERS,8
9320,3 MUSKETEERS KING SZ,8
74399,5HR ENRG C U BERRY REG,21
18375,5HR ENRG C U BERRY XSTR,21
18370,5HR ENRG C U GRAPE,21
104939,5HR ENRG C U GRAPE XSTR,21
74398,5HR ENRG C U LEMN LIME REG,21
18371,5HR ENRG C U ORNGE REG,21
125951,5HR ENRG C U PINK LEMONADE,21
18376,5HR ENRG C U POM REG,21
116383,6HR PWR 2 3.99 2X6 VALUE BERRY,21
116384,6HR PWR 2 3.99 2X6 VALUE LMN L,21
60885,7 11 BIG GULP FOAM CUP 30Z,31
123184,7 11 BIG GULP MUG            3,31
21111,7 11 COOLER 12QT H D,22
21114,7 11 COOLER 22QT H D,22
126423,7 11 CUP STRAW W AUGER,32
11797,7 11 DBL GULP CUP 50Z,31
11791,7 11 GULP CLEAR CUP 20Z,31
124689,7 11 HOLIDAY TUMBLER ELANTRA 1,30
11830,7 11 HOT CUP PAPER 12Z,30
11832,7 11 HOT CUP PAPER 16Z,30
11834,7 11 HOT CUP PAPER 20Z,30
11836,7 11 HOT CUP PAPER 24Z,30
11817,7 11 ICED COFF MEDIUM ,31
123185,7 11 MUG EVERYDAY            2,30
89313,GOOD2GROW JUICY WATER GRAPE,7
11795,7 11 SCS SPR BIG GULP CUP COLD,31
126752,7 11 SELECT BIG TX CINN ROLL,16
125278,7 11 SELECT CKIE DUPLEX CRM,16
125280,7 11 SELECT CKIE FUDGE MINT,16
125281,7 11 SELECT CKIE FUDGE STRIPE,16
125277,7 11 SELECT CKIE LEMON CRM,16
125276,7 11 SELECT CKIE VANILLA CRM,16
123616,7 11 SELECT CUPCAKE CHOC     2,16
122959,7 11 SELECT CUTLERY WHT,20
126753,7 11 SELECT DNSH APPLE ICED,16
111419,7 11 SELECT DNSH CHEESE ICED,16
111420,7 11 SELECT DNSH CHRRY CHS ICE,16
111132,7 11 SELECT DNUT MINI CHOC,16
111131,7 11 SELECT DNUT MINI CRUNCH,16
111133,7 11 SELECT DNUT MINI POWDERED,16
12384,7 11 SELECT DRWSTRNG TLL KIT B,20
12385,7 11 SELECT DRWSTRNG TRSH BG 3,20
12416,7 11 SELECT FOAM CUPS 16Z,20
125283,7 11 SELECT GRK YGRT CK BLUBRR,16
125284,7 11 SELECT GRK YGRT CK STRW B,16
110405,7 11 SELECT GUMMI BEARS,8
110397, 7 SELECT GUMMI BLU SHARKS OLD,8
110401,7 11 SELECT GUMMI PEACH RINGS,8
110402,7 11 SELECT GUMMI SR BEARS,8
110403,7 11 SELECT GUMMI SR NEON WORM,8
110404,7 11 SELECT GUMMI WATERMLN RIN,8
110398,7 11 SELECT GUMMI WORMS,8
111418,7 11 SELECT HONEY BUN GLAZED,16
111417,7 11 SELECT HONEY BUN ICED,16
59606,OZARKA  5L,7
110399,7 11 SELECT JELLY BEANS,8
110400,7 11 SELECT ORANGE SLICES,8
12403,7 11 SELECT PAPER NAPKINS 100C,20
12412,7 11 SELECT PAPER PLATES 9IN,20
12401,7 11 SELECT PAPER TOWEL ROLLS,20
124298,7 11 SELECT PIE APPLE,16
124299,7 11 SELECT PIE CHERRY,16
12415,7 11 SELECT PLSTC CUPS 16Z,20
12414,7 11 SELECT PLSTC PLATES 9IN,20
12387,7 11 SELECT RCLSBL FRZR BG QUA,20
12386,7 11 SELECT RCLSBL SAND BG 50C,20
125275,7 11 SELECT SMORES MRSHMLLW CR,16
12493,7 11 SELECT SODA GRAPE     ,7
125376,7 11 SELECT SODA MNG PNAPL ,7
12491,7 11 SELECT SODA ORANGE    ,7
12394,7 11 SELECT TISS FACIAL PCKT 3,20
12404,7 11 SELECT TISS FACIAL 90CT,20
12399,7 11 SELECT TISS TOILET 4PK,20
70812,7 11 SELECT VEGETABLE OIL ,19
12446,7 11 SELECT 8 12CP 8IN BSKT FL,20
12413,7 11 SELECT 8 7 8IN FM PLTS,20
11802,7 11 SLURPEE CUP LRG 28Z,32
11800,7 11 SLURPEE CUP MED 22Z,32
11798,7 11 SLURPEE CUP SML 12Z,32
11804,7 11 SLURPEE CUP XL 40Z,32
12448,7 11 SLURPEE STRAW BLURAZ,8
12447,7 11 SLURPEE STRAW CHERRY 10Z,8
126422,7 11 TRI CHAMBER AUGER CUP,32
123499,7 11 VALUE MUG               1,30
11818,7 11 ICED COFF CUP LARGE,31
12222,GATORADE LEMON LIME POST MIX B,31
122928,AIR FRESH FRENCH VANILLA,24
123797,AMP CELL ACC 5TIP RAPD CHRG,22
123765,AMP CELL USB WALL CHARGER,22
70833,ARMOR ALL MLT PRP SPONGE,24
70832,ARMOR ALL PROTCNT SPONGE,24
17223,ARMOR ALL PROTECTANT BONUS SIZ,24
123634,BIC LTR MUSIC LEGENDS    LCWT1,22
123635,BIC LTR MILLENNIAL       LCWT1,22
17029,BIC LTR ASTROLOGY        LCWT1,22
16995,BIC LTR CHILD GUARD        LC1,22
17034,BIC LTR FLICK YOUR BIC  LCWTIB,22
17002,BIC LTR LMTD AMERICANA   LCWB1,22
17009,BIC LTR LMTD OUTDOORS  LCWH199,22
17031,BIC LTR LMTD TATTOO      LCWT1,22
16986,BIC LTR MINI CHLD GRD DS  LCJ1,22
17054,BIC LTR NASCAR DRVRS    LCRTIN,22
17061,BIC LTR PLAYBOY          LCRT1,22
17060,BIC LTR ROCK BANDS       LCRT1,22
105916,BIC LTR SUPPORT THE TROOPS,22
129267,BIC LTR 7 11 LOGO       LR9BSE,22
19542,LOWRIDER S GLASS DSPLY 24 2FRE,22
124617,BLU E CIG DISP CLASSIC TOBACCO,3
124618,BLU E CIG DISP MAG MENTHOL,3
124614,BLU E CIG HI NIC CART CHERRY,3
124612,BLU E CIG HI NIC CART CLSC TOB,3
124615,BLU E CIG HI NIC CART JAVA JOL,3
124613,BLU E CIG HI NIC CART MAG MENT,3
124616,BLU E CIG HI NIC CART VIVID VA,3
127034,BLU E CIG STARTER KIT MENTHOL,3
127035,BLU E CIG STARTER KIT TOBACCO,3
127033,BLU E CIG STARTER KIT VARIETY,3
116473,C VALET AIRFRSH MIDNIGHT ICE,24
116474,C VALET AIRFRSH ORANGE,24
26220,C VALET AUTO BULB  1156 2CT 30,24
26225,C VALET AUTO FUSES FLAT 5CT,24
26222,C VALET BOOSTER CABLE 8FT 12GG,24
26224,C VALET DELUXE TIE DOWN 36IN,24
122930,C VALET TAPE DUCT 2X120IN,22
26229,C VALET TAPE ELECTRCAL 3 4X360,22
26219,C VALET TIRE GAUGE     10 100P,24
26228,C VALET TIRE REPAIR KIT     ,24
123136,BIC LTR TEXAS RANGERS,22
116146,CARDS BICYCLE POKER JUMBO,22
123709,CARDS WOUNDED WARRIOR C S,22
126105,CLAW SCRATCHER,22
123529,CM AMERICAN IRON            ,22
17587,CM DIESEL POWER             ,22
113954,CM DIESEL POWER             ,22
25267,CM GLOBE                    ,22
11299,CM GQ                       ,22
17526,CM GUN AMMO               ,22
21878,CM HOT ROD                  ,22
125314,CM INKED                    ,22
113775,CM MAXIM                    ,22
17966,CM MENS HEALTH              ,22
25997,CM MENS JOURNAL             ,22
17613,CM MOTOR TREND              ,22
20065,CM MUSCLE FITNESS         ,22
18002,CM NATIONAL ENQUIRER        ,22
25266,CM NATIONAL ENQUIRER        ,22
109332,CM OK MAGAZINE             ,22
18845,CM PEOPLE                   ,22
18846,CM PEOPLE ESPANOL           ,22
19810,CM PEOPLE ESPANOL           ,22
25982,CM PEOPLE MAGAZINE          ,22
18918,CM PEOPLE MAGAZINE          ,22
17574,CM PEOPLE MAGAZINE          ,22
17465,CM PEOPLE MAGAZINE          ,22
17464,CM PEOPLE STYLE WATCH       ,22
125322,CM RAT ROD                  ,22
125316,CM RECOIL                   ,22
26000,CM ROLLING STONE            ,22
18864,CM ROLLING STONE            ,22
19871,CM SHAPE                    ,22
17494,CM SHOTGUN NEW              ,22
17586,CM SHOTGUN NEWS             ,22
18003,CM STAR MAGAZINE            ,22
124290,CM STYLE WATCH              ,22
124085,CM SWAG KIDS HANGING HOOK ASST,22
123800,CM SWAG SUNGLASS  03,22
123804,CM SWAG SUNGLASS  07,22
123819,CM SWAG SUNGLASS  22,22
125656,CM TEXAS SPORTSMAN          ,22
18145,CM TEXAS TROPHY HUNTER      ,22
18933,CM US WEEKLY                ,22
17915,CM WOMENS HEALTH            ,22
25483,CM WWE                      ,22
115674,DIAMOND KITCHEN MATCHES,20
126375,DIAMOND RING KEY RING,22
11386,DIAMOND TOOTHPICKS ROUND TRAY,20
126745,DRIFTERS ASST,22
116290,EMERALD OFFICE TAPE TRANSPAREN,22
116288,EMERALD PEN BLK STK MED PT,22
9218,ENRGZR ADV LITHIUM AA   EA91BP,22
9219,ENRGZR ADV LITHIUM AAA  EA92BP,22
9195,ENRGZR BATT E91 AA        BP4E,22
9223,ENRGZR BATT E92 AAA       BP4E,22
9197,ENRGZR BATT E93 C         BP2E,22
9198,ENRGZR BATT E95 D        ,22
9212,ENRGZR BATT LITH AA 2PK   L91B,22
9222,ENRGZR BATT LITH AAA 2PK L92BP,22
9202,ENRGZR BATT 522 BP  ENR 9V,22
105062,EVRDY FLASHLT 1D LED,22
126383,FIN E CIG COOL MENTHOL,3
126386,FIN E CIG REFILL REGULAR,3
126381,FIN E CIG RICH TASTE,3
122954,C VALET FUSE FLAT MINI 5CT  30,24
122936,TREE FRSHNR NEW CAR SCENT,24
126109,FLARP 105GM PDQ 12,22
19642,FUJI QSNAP 27EXP W FLSH,22
121933,GAS CAN CARB 1GL      CALIF AP,24
126124,GLV AX MEN JERSEY BLK PVC DOTS,22
126125,GLV AX MEN JERSEY LINED PVC DO,22
124680,GLV AX MEN ORANGE LATEX PALM,22
124683,GLV JERSY BRWN LINED STRT THUM,22
23037,GLV JERSY BRWN LRG          40,22
23036,GLV LEATHER PALM RUBBER CUFF,22
124685,GLV NYLON KNIT NITRATE PALM FN,22
124682,GLV NYLON STRING KNIT MED,22
23038,GLV STRING KNIT BLUE RUBBER CO,22
127037,GREEN SMOKE CART ABSLT TOB  1.,3
127038,GREEN SMOKE CART ABSLT TOB  2.,3
127039,GREEN SMOKE CART MENTHL ICE 1.,3
127040,GREEN SMOKE CART RED LABEL  2.,3
127041,GREEN SMOKE DISP ABSLT TOB  1.,3
127047,GREEN SMOKE DISP MNTHL ICE  1.,3
127043,GREEN SMOKE DISP RED LABEL  2.,3
127044,GREEN SMOKE INTRO KIT ABSLT TO,3
127045,GREEN SMOKE INTRO KIT MENTHL I,3
127048,GREEN SMOKE INTRO KIT RED LABE,3
116048,GUMOUT 2 CYCLE ENGINE OIL,24
126374,HARMONICA,22
126111,IWS BOTTLE OPENER LIGHTER,22
127798,IWS CAR CHRGR MICRO USB,22
126939,IWS CAR CHRGR RTRACT IPHONE 4,22
126940,IWS CAR CHRGR RTRACT MICRO USB,22
127979,IWS CHOMPER DINOS DSPLY,22
126945,IWS EAR BUDS HANDS FREE,22
126950,IWS FIFO FINEST BLUETOOTH,22
126123,IWS MOSSY OAK WORK LIGHT,22
126947,IWS USB CAR CHRGR IPHONE 4 4S,22
126944,IWS USB CAR CHRGR IPHONE 5,22
126946,IWS USB CAR CHRGR W USB CABLE,22
126949,IWS USB WALL CHRGR IPHONE 4 4S,22
126943,IWS USB WALL CHRGR IPHONE 5,22
126948,IWS USB WALL CHRGR W USB CABLE,22
127799,IWS WALL CHRGR MICRO USB,22
126957,IWS WOODEN ROSE SINGLE BUD,22
126134,IWS 6IN1 SYNC CHARGE,22
125116,JIDE BEAUTY NAIL SET,22
123778,JIDE BICYCLE W SKATEBOARD,22
123782,JIDE COOKING SET IN BLISTER,22
123912,JIDE DIE CAST BICYCLE,22
123774,JIDE DIE CAST IN BOX 8PC,22
125117,JIDE FLYING DISK,22
125079,JIDE FURNITURE SET,22
125078,JIDE GIRL PURSE W BRACELET,22
125147,JIDE MAGIC BOARD,22
123846,JIDE PLANE GUN IN BLISTER,22
125077,JIDE WHISTLE IN BAG,22
125088,JIDE WIND UP TRAIN IN BLISTER,22
125149,JIDE YOYO WITH LIGHT IN BLISTE,22
131688,KID ZONE PRGRM NOVELTY ASST 1,22
125594,KID ZONE PRGRM NOVELTY ASST 2,22
126161,LICENSED KITE DISPLAY,22
126139,LIGHT UP MARBLE RACERS,22
126108,LIGHTER LEASH PREMIUM CLIP,22
124045,MATTEL HOTWHEELS BASIC  C4982,22
10475,MEAD ENV PLAIN LONG       4 X9,22
116857,MEAD LEGAL PAD YLLW      8 X11,22
10468,MEAD NTPD SPIRAL           3X5,22
126377,MINI MONSTER TRUCK,22
126106,MOOD RING,22
124605,NICOTEK METRO E CIG DISP MENTH,3
124623,NICOTEK METRO E CIG DISPOSABLE,3
124620,NICOTEK METRO E CIG KIT LT  1.,3
124621,NICOTEK METRO E CIG KIT MEN 1.,3
124622,NICOTEK METRO E CIG KIT PLATIN,3
124619,NICOTEK METRO E CIG KIT REG 1.,3
124625,NICOTEK METRO E CIG 3PK CART L,3
124624,NICOTEK METRO E CIG 3PK CART R,3
126798,NJOY KINGS MENTHOL 3.0  NIC GO,3
126799,NJOY KINGS MENTHOL 4.5  NIC BO,3
126800,NJOY KINGS TRAD 3.0  NIC GOLD,3
126801,NJOY KINGS TRAD 4.5  NIC BOLD,3
113765,NJOY ONEJOY E CIG MENTHOL   1.,3
126107,NUGGET FLASHLIGHT,22
20530,OZIUM AIR SANITIZER CARDED,24
20009,PEAK BLUE DEF DIESEL EXHAUST F,24
20005,FEBREZE CAR VNT CLP LINEN   SK,24
20006,PEAK WINDSHIELD WASH,24
18103,PENNZOIL 10W30,24
18104,PENNZOIL 10W40,24
18102,PENNZOIL 5W30,24
59099,PING PONG RELOAD,22
126141,RACEPRO TIRE INFLATOR W CONE,24
3823,S LYNX SUPER GLUE 2G,22
3340,SHELL ROTELLA T MG SAE 15W40,24
124046,SPORT BUBBLE CNTR DSP,22
17748,STP HD BRAKE FLUID  DOT 3,24
17749,STP POWER STEER FL,24
126749,STRAW HAT COWBOY,22
126887,SWISHER E CIG DISP MNTHL BRZE,3
126415,TELESCOPIC FLY SWATTER,22
70844,TREE FRSHNR BLCK ICE,24
20864,TREE FRSHNR ROYAL PINE,24
22359,U S POSTAGE STAMPS 1ST CLASS,22
22360,U S POSTAGE STAMPS 1ST CLASS,22
22362,U S PRE STAMPED ENVELOPES,22
126117,WACKY RINGS,22
118621,WATER PUMP BLAST 24IN FLR DSP,22
22459,WD 40 SMART STRAW,24
125591,WHOOPIE CUSHION,22
3326,3M LINT ROLLER TRVL SZ,22
123558,7 11 CARB   FUEL INJ CLNR,24
123633,SHELL ROTELLA T4 TRIPOT 15W40,24
123639,SHELL ROTELLA T4 TRIPTOT 15W40,24
12393,7 11 MOTOR OIL 10W30,24
104634,7 11 SELECT HIGHLIGHTER,22
104635,7 11 SELECT MARKER BLK PERMANE,22
124224,7 11 SELECT MINI STAPLER,22
74594,7 11 SELECT SPIRAL NOTEBOOK,22
65934,PEEPS CHICKS YELLOW,8
123925,KIDSMANIA SLOT MACHINE CANDY,8
18877,LUCAS GUSANO CHAMOY,8
18880,LUCAS MUECAS CHAMOY,8
123895,KAREWAY LIQ TUSSIN CF COUGH CO,21
123896,KAREWAY LIQ TUSSIN DM COUGH RL,21
124246,KAREWAY PREGNANCY TEST ONE STE,21
126267,BUDS BEST CKIE PECAN CHOC CHIP,16
26329,VALENTINA SALSA EX HOT BLUE LA,19
123498,7 11 BIG GULP MUG            ,31
124506,OLD HOME SNDW BREAD WHITE,14
123893,KAREWAY LIQ NITE CLD FLU CHERR,21
123899,KAREWAY OINTMENT ANTI ITCH CRM,21
126651,BUDS BEST CKIE PECAN SUPREME,16
124531,OLD HOME HAMBURGER BUNS,14
124532,OLD HOME HOT DOG BUNS,14
124459,LUCAS BOMVASO,8
124460,LUCAS GUSANO TAMARINDO,8
124461,LUCAS MUECAS MANGO,8
124454,MAZAPAN,8
124366,SOFT TOUCH NAPKINS,20
124507,OLD HOME SNDW BREAD WHEAT,14
123890,KAREWAY LIQ CHILD NON ASPRIN,21
106435,EGGS AA LARGE,10
124450,LUCAS MUECAS CHERRY,8
124465,LUCAS SALSAGHETTI MANGO,8
126257,BUDS BEST CKIE CHOC CHIP,16
126820,BALLOON 1 4 LB BAG ASST,22
127171,C VALET CORKSCREW WAITERS   40,22
116609,5 STAR OIL ATF DEX III MERCON,24
122910,CANDLE GLASS CLEAR           9,22
150004,AM SPIRIT FULL BODIED BLUE BOX,2
25134,24z FOUR LOKO FRUIT PUNCH CN ,4
21617,24z STEEL RESERVE CN ,4
8483,32z MILLER HIGH LIFE CN,4
8503,40z MICKEYS,4
18435,24z COORS LIGHT CN ,4
126554,16z ANGRY ORCHARD CRSP AP CN ,4
8508,24z MILLER LITE 24z CN ,4
25254,24z TECATE LIGHT CN ,4
63825,24z TWISTED TEA ORIGINAL CN,4
24059,24z SMIRNOFF ICE BTL ,4
22950,24z CORONA BTL ,4
8576,12z MILLER LITE 6PK BTL ,4
18426,12z COORS LIGHT 6PK BTL,4
25017,12z SHINER BOCK 6PK BTL ,4
126650,12Z LEINS SUMMER SHANDY 6PK LN,4
18409,12z BLUE MOON 6PK BTL ,4
125164,12z ANGRY ORCHRD CRSP 6PK BTL ,4
125590,12z REDDS APPLE ALE 6PK BTL,4
119326,12.5 DR PEPPER,7
65931,16z DIET DR PEPPER PET,7
65930,16z DR PEPPER BTL,7
21510,1L DR PEPPER,7
21519,1L DT DR PEPPER,7
21512,3L DR PEPPER,7
21424,12Z DR PEP SNGL CAN,7
119260,12.5 DIET COKE,7
110356,20z DR PEPPER TEN ,7
21511,2L DR PEPPER SHAPED,7
21426,12Z DT DR PEP SNGL CAN,7
127138,CHICHARRONES  ,15
124092,CHIPOTLES ,15
124767,TOSTACHOS ,15
127139,TOREADAS HABANERO ,15
127140,TOREADAS JALAPENO  ,15
127141,TOREADAS A LA DIABLA  ,15
127142,TOREADAS FUEGO  ,15
122803,CHURRITOS ,15
122804,TAKIS FAJITA  ,15
122805,TAKIS SALSA BRAVA ,15
122806,TAKIS FUEGO  ,15
122807,TAKIS NITRO  ,15
122808,TAKIS GUACAMOLE  ,15
122809,HOT NUTS  ,15
122810,CACAHUATES SALADOS  ,15
122811,CACAHUATES ENCHILADOS  ,15
122812,CACAHUATES HABANEROS  ,15
122813,CACAHUATES JAPONESES ,15
122814,HOT NUTS FUEGO ,15
126302,SPEEDSTERS 4z,15
126303,CHURRITO FUEGO ,15
126304,BUBULUBU TWO PACK,15
126305,KRANKY,15
126306,MORITAS,15
126307,FRUITIGOMAS,15
19705,PALETA PAYASO,15
111398,BUBULUBU,15
111329,KRANKY,15
111351,MORITAS DISPLAY,15
111355,TIRA PALETON,15
111344,CHOCO RETAS,15
559,2L PEPSI,7
940,16z PEPSI,7
942,16z MOUNTAIN DEW,7
569,1L MOUNTAIN DEW ,7
577,1L MOUNTAIN DEW CODE RED,7
666,2L MAZANITAL SOL,7
567,1L PEPSI,7
844,2L SIERRA MIST NATURAL,7
114056,2L CRUSH ORANGE,7
560,2L PEPSI DIET,7
561,2L MOUNTAIN DEW,7
521,CRYSTAL SPRING WTR DEIONIZED,7
528,FAYGO BLACK CHERRY           P,7
106890,BIMBO CONCHAS VANILLA EACH,16
106744,CUERNITOS 2PK,16
19695,MARINELA GANSITO EACH,16
19679,BIMBUNUELOS SINGLE,16
19685,BIMBO PANQUECITOS EACH,16
19682,DONAS 4 PK,16
19684,BIMBO MINI MANTECADAS,16
106886,BIMBO MINI MANTECADES W P,16
19691,BIMBO DORADITAS,16
106892,BIMBO PANQUE CON PASA,16
19692,BIMBO PANQUE CON NUEZ,16
150007,AM SPIRIT MELLOW YELLOW BOX,2
150037,BENSON HEDGES LUXURY MENTHOL B,2
150040,CAMEL FILTER SOFTPACK,2
150041,CAMEL BLUE,2
150042,CAMEL BLUE BOX,2
150043,CAMEL BOX,2
150044,CAMEL CRUSH,2
150045,CAMEL CRUSH BOLD,2
150047,CAMEL MENTHOL SILVER BOX,2
150055,CAMEL TURKISH ROYAL BOX,2
150061,CAMEL 13 BLUE BOX  0.75 1PK,2
150062,CAMEL 13 BOX  0.75 1PK,2
150064,CAMEL 13 CRUSH BOX  0.75 1PK,2
150065,CAMEL 13 MEN SILVER  0.75 1PK,2
150066,CAMEL 13 MENTHOL BOX  0.75 1PK,2
150067,CAMEL 99 BLUE BOX,2
150068,CAMEL 99 BOX,2
150070,CAPRI INDIGO MENTHOL BOX,2
150074,CAPRI MAGENTA BOX,2
150099,FORTUNA BLUE BOX,2
150101,FORTUNA MENTHOL DK GRN BOX,2
150102,FORTUNA MENTHOL DK GRN BOX,2
150103,FORTUNA RED BOX,2
150109,KAMEL RED BOX,2
150110,KAMEL RED SMOOTH BOX,2
150114,KOOL BOX,2
150118,L M BLUE BOX,2
150120,L M BOX,2
150121,L M BOX,2
150122,L M MENTHOL BOX,2
150123,L M MENTHOL BOX,2
150125,L M TURKISH BLEND BOX RTM    L,2
150128,MARL 12 MEN BLACK SB  .50 1 PK,2
150131,MARL 12 83S BOX  1 1PK,2
150133,MARL 13 BLACK SB  .50 1 PK,2
150134,MARL 13 BLACK SB  .50 1PK,2
150135,MARL 13 BLND 27 BOX  1 1PK,2
150139,MARL 13 MENT GLD BOX  1 1PK,2
150140,MARL 13 MENTHOL BOX  1 1PK,2
150142,MARL 13 NXT BOX  .50 1PK,2
150143,MARL 13 RED LBL BOX  1 1PK,2
150146,MARL 13 SMOOTH BOX  1 1PK,2
150147,MARL 13 SOUTHERN CUT  .50 1PK,2
150148,MARLBORO,2
150150,MARLBORO BLACK MENT SPEC BLND,2
150152,MARLBORO BLACK SPEC BLND BOX,2
150153,MARLBORO BLACK SPEC BLND BOX,2
150155,MARLBORO BLEND NO 27 BOX,2
150159,MARLBORO BLUE MENTHOL BOX,2
150162,MARLBORO BOX,2
150165,MARLBORO GOLD BOX,2
150173,MARLBORO MENTHOL BOX,2
150174,MARLBORO NXT BOX,2
150175,MARLBORO RED LABEL,2
150176,MARLBORO RED LABEL,2
150177,MARLBORO RED LABEL BOX,2
150179,MARLBORO SILVER BOX,2
150184,MARLBORO SKYLINE MENTHOL BOX,2
150185,MARLBORO SMOOTH MENTHOL BOX,2
150187,MARLBORO SOUTHERN CUT BOX,2
150189,MARLBORO SPEC BLND GOLD BOX,2
150192,MARLBORO SPEC BLND RED BOX,2
150195,MARLBORO 72 BLUE MENTHOL BOX,2
150196,MARLBORO 72 BOX,2
150197,MARLBORO 72 GOLD BOX,2
150198,MARLBORO 72 GREEN MENTHOL BOX,2
150199,MARLBORO 72 SILVER BOX,2
150200,MARLBORO 83S BOX,2
150217,NEWPORT MENTHOL BOX,2
150218,NEWPORT MENTHOL BOX,2
150224,NEWPORT NON MENTHOL BOX,2
150229,PALL MALL BLUE BOX,2
150234,PALL MALL MENTHOL BOX,2
150235,PALL MALL MENTHOL BOX,2
150236,PALL MALL MENTHOL WHITE BOX,2
150238,PALL MALL ORANGE BOX,2
150239,PALL MALL ORANGE BOX,2
150240,PALL MALL RED BOX,2
150241,PALL MALL RED BOX,2
150242,PARLIAMENT BLUE BOX,2
150243,PARLIAMENT SILVER BOX,2
150246,PARLIAMENT WHITE BOX,2
150272,SONOMA GOLD BOX,2
150277,SONOMA MENTHOL GRN,2
150279,SONOMA RED,2
150301,WINSTON GOLD BOX,2
150303,WINSTON RED SHORTS BOX,2
150304,WINSTON RED 100's BOX,2
150305,WINSTON WHITE 100'S BOX,2
15879,.5LT FIJI,7
126194,14z NESQUIK CHOCOLATE ,9
126196,14z NESQUIK STRAWBERRY,9
74771,.5L PERRIER PET C 24PK,7
125733,23z TRADEWINDS XTR SWT CA,7
10033,EGG SALAD ON WHITE,11
10028,CHICKEN SALAD ON WHITE,11
10031,TUNA SALAD ON WHEAT,11
10032,SMOKED HAM N CHEESE ON WHITE,11
10034,DELI CLUB FORMER TURKEY CLUB,11
10029,OVEN ROAST TURK N CHEESE WHEAT,11
10035,ITLN SPICY HM PEPRONI PROV CH,11
10037,MEGA SMOKED HAM N CHEESE,11
10038,OVEN ROASTED TURKEY N CHEESE,11
9939,SUB SELECTS HAM N CHEESE,11
9947,SUB SELECTS TRAD ITALIAN,11
10051,DELI EXPRESS XXL CHAR W CHEESE,11
10052,DELI EXPRESS XXL CHICKN CHEESE,11
10053,DELI EXPRESS XXL BBQ RIB,11
125577,SMOKED HAM N CHEESE,11
125578,TURKEY N CHEESE STONE GRND WHT,11
125579,RANCH CHICKEN SALAD,11
125580,ALBACORE TUNA SALAD,11
125581,BLACK FOREST HAM N CHEESE,11
125582,MEGA SMOKED TURKEY N CHEESE,11
125583,MEGA ITALIAN,11
125584,RANCH CHICKN SAL CROISSANT,11
125585,SMOKD TURK CH WHEAT CROISSANT,11
125586,ITALIAN FOCACCIA,11
125587,ITALIAN SUB,11
125588,SMOKED HAM N CHEESE SUB,11
122833,EGG SAUSAGE CH N BROWNS BURR ,11
9914,SAUSAGE EGG N CHEESE BISCUIT,11
9921,HAM EGG N CH ENG MUFFIN,11
9923,SAUSAGE EGG N CH ENG MUFFIN,11
10004,SAUSAGE EGG N CH CROISSANT,11
9938,CHICKEN N SWISS,11
9940,ALL BEEF CHEESEBURGER,11
126598,RB N CHEESE ON ONION ROLL,11
9998,GLAZED JUMBO HONEY BUN ,16
10007,CINNAMON ROLL ,16
10008,CHERRY DANISH,16
10009,CHEESE DANISH,16
10010,RASPBERRY CHEESE TURNOVER ,16
10011,CREAM CHEESE TURNOVER,16
10022,DOUBLE CHOCOLATE MUFFIN,16
10023,BLUEBERRY MUFFIN,16
10024,BANANA NUT MUFFIN,16
10039,CHOCOLATE MINI DONUTS,16
10040,POWDERED MINI DONUTS,16
111372,BAKED LAYS ORIGINAL  2.25z,15
108254,BAKENETS HOT & SPICY  3.5z,15
106961,BAKENETS HOT N SPICY  2.5z,15
108253,BAKENETS REGULAR 3.5z,15
111379,CHEETOS CHDR JLPN  3.75z,15
7031,CHEETOS CRCH FLM HT LMN  2.375,15
123875,CHEETOS CRCHY XT FLM HT  3.75z,15
125863,CHEETOS CRNCHY FLM HT  9.5z,15
125864,CHEETOS CRNCHY FLM HT LMN  9.5,15
7030,CHEETOS CRNCHY FLMN HT  2.375z,15
65856,CHEETOS CRNCHY HT LMN 3.75z,15
7028,CHEETOS CRUNCHY  2.375z,15
65854,CHEETOS CRUNCHY  3.75z,15
125861,CHEETOS CRUNCHY  9.5z,15
65855,CHEETOS CRUNCHY HOT  3.75z,15
106955,CHEETOS JMB PFS FLM HT  3.75z,15
125860,CHEETOS JMB PFS FLM HT  9.5z,15
7045,CHEETOS JUMBO PUFFS  2.375z,15
125859,CHEETOS JUMBO PUFFS  9.5z,15
106954,CHEETOS JUMBO PUFFS 3.75z,15
125844,CHEETOS MX UPS CHZY SLS 3.25z,15
125843,CHEETOS MX UPS XTR CHZY 3.25z,15
125842,CHEETOS TAPATIO 3.75z,15
126847,CHESTERS CHEESE POPCORN 3z,15
65859,CHESTERS HOT FRIES 4.375z,15
126642,CHESTERS HOT FRIES 5.75z,15
7050,CHESTERS HOT FRS FLM HT  2.75z,15
126848,CHESTERS HOT POPCORN 3z,15
108247,CHESTERS PFF CRN FLM HT  4.5z,15
108246,CHESTERS PUFF CORN CHEESE  4.5,15
125977,CRACKER JACK  4.125z,15
65858,DORITOS CL RNCH  3.375z,15
126170,DORITOS COOL RANCH  11z,15
115186,DORITOS DNMT CHL LMN  4z,15
115187,DORITOS DNMT CHL LMN  9.25z,15
115188,DORITOS DNMT NCH PCS  4z,15
115189,DORITOS DNMT NCH PCS  9.25z,15
126176,DORITOS FLAMAS  11z,15
125849,DORITOS LCS TCS CL RNCH 3.375z,15
125850,DORITOS LCS TCS NCH CHS 3.375z,15
126173,DORITOS NACHO CHEESE  11z,15
7035,DORITOS NACHO CHEESE 2.125z,15
65857,DORITOS NCH CHS 3.375z,15
6059,DORITOS RANCHERITOS 7.625z,15
126171,DORITOS SALSA VERDE  11z,15
124479,DORITOS SALSA VERDE 3.375z,15
126184,DORITOS SPICY NACHO  11z,15
7036,DORITOS SPICY NACHO  2.125z,15
111366,DORITOS SPICY NACHO  3.375z,15
114042,DORITOS TAPATIO  3.375z,15
65506,DORITOS TAPATIO  7.625z,15
126175,DORITOS TAPATIO 11z,15
5809,FRITOS BEAN DIP ,19
7323,FRITOS CHILI CHEESE  2.875z,15
65849,FRITOS CHILI CHEESE  4.625z,15
5810,FRITOS DEAN DIP ,19
111369,FRITOS HNY BBQ TWST 4.625z,15
125829,FRITOS HOT  10.25z,15
124476,FRITOS HOT 4.625z,15
5816,FRITOS HOT BEAN DIP ,19
5814,FRITOS HOT BEAN DIP ,19
5790,FRITOS JALAPENO CHEDDAR DIP,15
7324,FRITOS REG 2.875z,15
125828,FRITOS REGULAR  10.25z,15
65850,FRITOS REGULAR  4.625z,15
125830,FRITOS SCOOPS  10.25z,15
108250,FRITOS TURBOS FLAMAS  4.625z,15
6051,FRITOS TURBOS FLAMAS  9.25z,15
7051,FUNYUNS  1.625z,15
65860,FUNYUNS  2.625z,15
7110,FUNYUNS  6.5z,15
7111,FUNYUNS FLAMIN HOT  6.5z,15
77207,GRANDMAS CHOC BRWN CK  2.875z,16
77210,GRANDMAS CHOC CH CK 2.875z,16
125985,GRANDMAS FRSTD BLBRY CK  1.8z,16
127025,GRANDMAS FRSTD LMN P CK 1.8z,16
125984,GRANDMAS FRSTD RD VLVT CK 1.8z,16
114041,GRANDMAS LRG CHOC CRE 3.025z,16
77211,GRANDMAS OATML RSN CK  2.875z,16
77208,GRANDMAS PB CK 2.875z,16
6390,GRANDMAS PB N CHO CH CK  2.875,16
111851,GRANDMAS PB SNDWH CRE  3.025z,16
125987,GRANDMAS STWBY SNDWH CR  3.025,16
111850,GRANDMAS VANL SNDWH CRE  3.025,16
7285,GRANDMAS VNL SNDWH CRE 3z,16
124740,HNY RSTD PNUTS 2.875z,15
111209,HOT FUNYUNS  2.625z,15
124741,HOT PEANUTS  2.875z,15
7000,IN SHELL PNUTS  4.5z,15
7013,LAYS BBQ  1.875z,15
65847,LAYS BBQ  2.875z,15
125807,LAYS BBQ  9.5z,15
125854,LAYS CHEEZY GRLC BRD 2.875z,15
124477,LAYS CHILI LIMON  2.875z,15
125813,LAYS CHILI LIMON  9.5z,15
125801,LAYS CLASSIC  10z,15
65851,LAYS CLASSIC  2.875z,15
7012,LAYS CLASSIC 1.875z,15
6889,LAYS FRENCH ON DAIRY DIP ,19
123876,LAYS HOT  2.875z,15
125811,LAYS HOT  9.5z,15
7105,LAYS KETTLE JALAPENO  8.5z,15
111388,LAYS KETTLE JLPN 2.875oz,15
65852,LAYS LIMON  2.875z,15
125812,LAYS LIMON  9.5z,15
6890,LAYS RANCH DAIRY DIP ,19
124716,LAYS SALT N VINEGAR  2.875z,15
123877,LAYS SCO  2.875z,15
125809,LAYS SCO  9.5z,15
125857,LAYS TAPATIO LIMON  2.875z,15
125802,LAYS WAVY REGULAR  10z,15
106956,MUNCHIES CHEESE FIX  3.25z,15
126648,MUNCHIES CRCKR CHEDR CHES 3.0z,15
6164,MUNCHIES CRCKR CHS N PB 1.42z,15
5864,MUNCHIES CRCKR CHTS CHD  1.38z,15
126649,MUNCHIES CRCKR DRT NCH CH 3.0z,15
5863,MUNCHIES CRCKR DRTS NCH  1.38z,15
126647,MUNCHIES CRCKR FLMN HOT 3.0z,15
5870,MUNCHIES CRCKR JLPN CHS 1.38z,15
6167,MUNCHIES CRCKR TST N PB 1.42z,15
75883,MUNCHIES HNY RSTD PNUTS  1.375,15
65861,MUNCHIES HOT  3.25z,15
75884,MUNCHIES HOT PEANUTS  1.625z,15
111360,MUNCHIES JLPN CHDR 3.25z,15
75882,MUNCHIES SLTD PNUTS   1.625z,15
7176,MUNCHIES SNACK MIX HOT  8z,15
7175,MUNCHIES SNCK MX CHS FX  8z,15
7177,MUNCHIES SNCK MX TLY RNCH  8z,15
111370,MUNCHOS  2.625z,15
126640,MUNCHOS  4.50z,15
124766,PISTACHIOS  1.75z,15
7299,PREMIUM CHOC N NUT TRL MX 3z,15
7011,PREMIUM DLX MXD NUTS  2.75z,15
7288,PREMIUM FRT N NUT TRL MX 3z,17
7275,PREMIUM RSTD ALMNDS  3z,15
74171,PREMIUM WHL SLTD CSHW  2.5z,15
7378,RANCHERITOS 2.875z,15
123878,ROLD GOLD CLSC THN TWST  4.25z,15
6461,ROLD GOLD CLSC TNY TWST  16z,15
125874,RUFFLES CHDR N SR CRM  8.5z,15
65853,RUFFLES CHEDR N SR CRM  2.875z,15
126397,RUFFLES CRSPY FRIES CHS 1.875z,15
126396,RUFFLES CRSPY FRIES ORG 1.875z,15
7023,RUFFLES CSC  1.875z,15
125873,RUFFLES ORIGINAL  9z,15
106962,RUFFLES TAPATIO LIMON  2.875z,15
6052,RUFFLES QUESO  6.5z,15
125876,RUFFLES QUESO  8.5z,15
7295,RUFFLES QUESO 1.75z,15
123991,SABRITAS FIESTA MIX  2.875z,15
124022,SABRITAS FIESTA MIX  7.5z,15
7008,SABRITAS NUTS JAPANESE  1.625z,15
7007,SABRITAS NUTS PICANTE  1.625z,15
7005,SABRITAS NUTS SALT N LM  1.625,15
106964,SABRITONES  3.25z,15
126641,SABRITONES CHILI & LIME,15
124739,SALTED PEANUTS  2.875z,15
108244,SANTITAS BLND CRN TRNGLS  11z,15
6898,SMARTFD WHT CHDR PCRN 5z,15
106957,SMARTFOOD CHEDDAR 2.375z,15
74167,SNFLWR SDS BBQ   1.875z,15
74170,SNFLWR SDS BBQ  4.25z,15
122726,SNFLWR SDS DLL PCKL  4.25z,15
108242,SNFLWR SDS DLL PCKL 1.875z,15
122725,SNFLWR SDS FLAMAS  4.25z,15
108241,SNFLWR SDS FLAMAS 1.875z,15
74165,SNFLWR SDS RANCH  1.875z,15
74169,SNFLWR SDS REG  4.25z,15
74166,SNFLWR SDS REG 1.875z,15
74168,SNFLWR SDS RNCH  4.25z,15
106960,SUN CHIPS HARVEST CHDR 3.25z,15
74188,SUNFLOWER SEEDS REGULAR 9z,15
6106,SUNFLWR KERNALS  2z,15
125974,TOSTITOS CNTN SLS VRD 15.5z,15
124744,TOSTITOS CNTN THN N CRSPY  9z,15
124745,TOSTITOS CNTN TRDTNL  12z,15
6893,TOSTITOS CON QUESO 15z,15
6896,TOSTITOS CRMY SPNCH DIP ,19
6635,TOSTITOS HOT SALSA 15.5z,15
6634,TOSTITOS MEDIUM SALSA 15.5z,15
5786,TOSTITOS NCH CHEESE 3.625z,15
6762,TOSTITOS RESTAURANT STYLE  13z,15
6767,TOSTITOS SCOOPS  10z,15
4055,US FLIP MAP                   ,22
4046,FOLDING MAPS CITY CO ,22
77078,EL PASO TX FOLD MAP           ,22
4077,EL PASO TX LAMINATED FOLD MAP ,22
123173,NEW MEXICO LAMINATED FOLD MAP ,22
111746,EL PASO TX STREET GUIDE       ,22
25127,USA TODAY BASEBALL WEEKLY,22
137147,USA DAILY MONDAY,22
25132,USA TODAY TUESDAY,22
8522,40z OLDE ENGLISH BTL,4
15607,12z RED BULL CN ,7
15606,12z RED BULL SF CN,7
74794,20z RED BULL ,7
74795,20z RED BULL SUGAR FREE,7
122790,8z RED BULL TOTAL ZERO,7
15608,8.4z RED BULL ENERGY,7
15599,8.4z RED BULL SF ,7
15600,8.4z RED BULL 4 PACKS,7
15604,16z RED BULL ENERGY DRINK,7
15605,16z RED BULL SF,7
125739,8.4z RED BULL RED ,7
125740,8.4z RED BULL SILVER ,7
125741,8.4z RED BULL BLUE ,7
74706,59z TROP PURE PREM NO PULP,7
10277,CHOCOLATE CHUGS ,9
10275,COOKIES  CREAM CHUGS ,9
124939,PT 1PCT LOWFAT CHOCOLATE,9
21062,PT CHERRY GARCIA,12
124938,TRUMOO PT CHOCOLATE ,9
73667,PT COOKIES N CREAM,12
124940,PT FAT FREE STRAWBERRY,9
12407,PT HOMEMADE STRAWBERRY,12
17217,PT ORANGE JUICE,7
21029,PT SWISS SWT TEA SOUTHRN BREW,7
10276,VANILLA CHUGS,9
2229,40z BUD ICE BTL,4
2345,12z BUD ICE 12PK BTL,4
2269,24z BUD LIGHT 1 CN,4
2196,32z BUD LIGHT BTL,4
2463,12z BUD LIGHT 12PK CN,4
2316,12z BUD LIGHT 12PK BTL,4
111455,8z BUD LIGHT 12PK CN,4
2469,12z BUD LIGHT 18PK BTL,4
2471,12z BUD LIGHT 20PK BTL,4
2193,12z BUD LIGHT 6PK CN,4
2329,12z BUD LIGHT 6PK BTL,4
2195,16z BUD LIGHT 6PK CN,4
2318,7z BUD LIGHT 6PK BTL,4
2314,24z BUD LIGHT CHELADA CN,4
2222,12z BUD LIGHT CHELADA 6PK CN,4
2218,22z BUD LIGHT LIME 15PK BTL,4
2427,12z BUD LIGHT LIME 6PK BTL,4
122783,24z BUD LIGHT LIMEARITA CN,4
122784,8z BUD LIGHT LIMEARITA 12PK CN,4
114084,12z BUD LIGHT PLATINUM 12PK BT,4
114085,12z BUD LIGHT PLATINUM 6PK BTL,4
2268,24z BUDWEISER CN,4
2172,32z BUDWEISER BTL,4
2405,12z BUDWEISER 12PK CN,4
2317,12z BUDWEISER 12PK BTL,4
111456,8z BUDWEISER 12PK CN,4
2412,12z BUDWEISER 20PK CN,4
2174,12z BUDWEISER 6PK CN,4
2330,12z BUDWEISER 6PK BTL,4
2176,16z BUDWEISER 6PK CN,4
2369,12z BUDWEISER SELECT 6PK BTL,4
2200,40z KING COBRA BTL,4
2343,12z MIC AMBER BOCK 6PK BTL,4
2364,12z MICHELOB ULTRA 12PK CN,4
2357,12z MICHELOB ULTRA 12PK BTL,4
2356,12z MICHELOB ULTRA 6PK BTL,4
2221,24z NATURAL LIGHT CN,4
2256,32z NATURAL LIGHT BTL,4
2433,12z NATURAL LIGHT 12PK CN,4
2423,12z SHOCK TOP ALE 6PK BTL,4
122786,12z SHOCK TOP SEASONAL 6PK BTL,4
150531,16z LONE STAR 6PK CN,4
8505,24z MICKEYS MALT CN,4
15944,16z MIKES HARDER LMNDE CN,4
150536,16z MIKES HARDER SWBRY LMND CN,4
126270,16z MILLER LITE AL BTL 15PK,4
18223,2L BIG RED,7
21409,2L 7UP DIET,7
21558,2L SUNKIST,7
21406,2L 7UP,7
21490,2L A W ROOTBEER,7
21448,12z 7UP DIET 12PK,7
24592,FRTIKI FRT BAR BANANA,12
24593,FRTIKI FRT BAR CANTALOUPE,12
24594,FRTIKI FRT BAR COCONUT,12
24595,FRTIKI FRT BAR CCMBR CHILE,12
24596,FRTIKI FRT BAR LEMON LIME,12
24597,FRTIKI FRT BAR MANGO,12
24598,FRTIKI FRT BAR MANGO CHILE,12
24599,FRTIKI FRT BAR PECAN,12
24600,FRTIKI FRT BAR PINA COLADA,12
24601,FRTIKI FRT BAR PINEAPPLE,12
24602,FRTIKI FRT BAR PISTACHIO,12
24603,FRTIKI FRT BAR STRWBRRY COLAD,12
24604,FRTIKI FRT BAR STRAWBERRY ICE,12
24605,FRTIKI FRT BAR TAMARINDO,12
24606,FRTIKI FRT BAR TAMARINDO CHILE,12
24607,FRTIKI FRT BAR WATERMELON,12
151041,FRTIKI SF FRT BAR LEMON LIME,12
123733,10z BLACK IGUANA PEACH  PCH,4
123732,10z BLACK IGUANA STRWBRY  PCH,4
2370,12z BUD SELECT 12PK BTL,4
126193,14z NESQUIK STRAWBERRY BANANA,9
4991,14z NESQUIK DOUBLE CHOCOLATE,9
150568,32z MILWAUKEES BEST CN,4
126351,20z TRADEWINDS EXTRA SWT TEA,7
122602,28z GATORADE FIERCE MELON,7
122605,28z GATORADE G2 FRUIT PUNCH,7
122606,28z GATORADE G2 GRAPE,7
122599,28z GATORADE AM TROPICAL MANGO,7
122600,28z GATORADE COOL BLUE,7
122611,28z GATORADE BERRY RAIN,7
125967,28z GATORADE MANGO XTREMO,7
122603,28z GATORADE FIERCE STRW,7
122601,28z GATORADE FIERCE GRAPE,7
122604,28z GATORADE FRUIT PUNCH,7
122609,28z GATORADE ORANGE,7
122608,28z GATORADE LEMON LIME,7
125897,28z GATORADE ARTIC CHERRY,7
125915,28z GATORADE CUCUMBER LIME,7
9687,REDDY ICE 10# BAG,28
9689,REDDY ICE 20# BAG,28
125036,REDDY ICE 12# BAG,28
74092,750ML MD 2020 BANANA RED,5
24224,750ML YOSEMITE ROAD CABERNET,5
24225,750ML YOSEMITE ROAD CHRDNNY,5
24530,750ML SUTTER HOME WHITE ZIN,5
24096,750ML ARBOR MIST BLKBRY MERLOT,5
25029,750ML LLANO BLUSH ,5
11504,12z FANTA ORANGE  12PK,7
11486,12z SPRITE 12PK,7
21516,12Z DT DR PEPPER 12PK,7
900,CRYSTAL SPRING WTR DEIONIZED,7
901,FAYGO BLACK CHERRY           P,7
21496,20z A W CREAM SODA,7
114058,20z CRUSH GRAPE,7
114055,20z CRUSH ORANGE,7
21509,20z DR PEPPER,7
21545,20z DR PEPPER CHERRY ,7
21518,20z DR PEPPER DIET,7
21549,20z DR PEPPER DIET CHRY ,7
21455,20z SQUIRT,7
21446,12z 7UP 12PK,7
21447,12z 7UP DIET 12PK,7
21454,12z SQUIRT 12PK,7
21487,12z A W ROOTBEER 12PK,7
21555,12z SUNKIST  12PK,7
113799,24z PABST CN ,4
19117,16z HEINEKEN LT ,4
74124,12z DOS EQUIS 12PK BTL,4
2376,16z BUD CN 8PK CN,4
130186,16z BUD LIGHT 8PK CAN,4
2177,12z NATURAL LIGHT CN 6PK,4
2187,32z BUSCH ,4
24714,12z STELLA ARTOIS NR 6PK,4
123023,187ML COPA DI VINO CHARDO ,5
123022,187ML COPA DI VINO CAB SAU,5
123025,187ML COPA DI VINO MERLOT,5
123026,187ML COPA DI VINO RIESLIN ,5
123024,187ML COPA DI VINO PINOT GR,5
123027,187ML COPA DI VINO WHT ZEN,5
16094,EL DIARIO DAILY,22
151676,JUAREZ EL DIARIO DAILY,22
151678,JUAREZ EL DIARIO SUNDAY,22
9505,EL PASO TIMES SUNDAY,22
9504,EL PASO TIMES DAILY,22
151695,EL PASO EL DIARIO SUNDAY,22
125622,12z GOOSE ISLAND 6PK BTL,4
18227,20z BIG RED,7
21488,20z A W ROOT BEER,7
21556,20z SUNKIST,7
21414,20z 7UP DIET,7
21413,20z 7 UP,7
21457,2L SQUIRT ,7
15882,1L FIJI WATER,7
536,20z DIET PEPSI,7
537,20z MOUNTAIN DEW,7
538,20z  DIET MOUNTAIN DEW,7
671,20z MANZANITA SOL,7
710,20z PEPSI MAX,7
894,20z MOUNTAIN DEW WHITE OUT,7
21430,20z HAWAIIAN PUNCH,7
535,20z PEPSI ,7
557,20z MOUNTAIN DEW CODE RED,7
592,20z PEPSI WILD CHERRY,7
787,20z PEPSI THROWBACK,7
776,20z MOUNTAIN DEW VOLTAGE,7
542,20z AQUAFINA ,7
126313,8z MONSTER ABSOLTELY ZERO MINI,7
126501,15z MUSCLE MONSTER CHOCOLATE ,9
126499,15z MUSCLE MONSTER VANILLA ,9
126500,15z MUSCLE MONSTER COFFEE ,9
74037,16z MONSTER ENERGY  4pk,7
17326,24z MEGA MONSTER ENERGY  ,7
17333,16z MONSTER ENERGY ASSAULT ,7
17362,18.6z MONSTER ENERGY IMPORT  ,7
17325,24z MEGA LO CARB MONSTER ENRGY,7
74038,16z MONSTER LO CARB 4PK,7
17342,15z JAVA MONSTER MEAN BEAN  ,9
124786,16z MONSTER ENERGY ZERO ULTRA ,7
126316,15.5z MONSTER REHAB PNK LMNDE ,7
126315,16z MONSTER ENERGY ULTRA BLUE ,7
116786,15.5z MONSTER REHAB GREEN ,7
115978,15.5z MONSTER REHAB ROJO ,7
122629,15.5z MONSTER REHAB ORANGEADE ,7
74710,15.5z MONSTER REHAB ,7
124785,16z MONSTER CUBA LIMA ,7
17324,16z MONSTER ENERGY ,7
17327,16z LO CARB MONSTER ENERGY ,7
17334,16z MONSTER KHAOS ENERGY JUICE,7
17345,15z JAVA MONSTER LOCA MOCA  ,9
17346,15z JAVA MONSTER KONA BLEND  ,9
17313,16z MONSTER ENERGY ABSOL ZERO ,7
17348,16z MONSTER RIPPER ,7
17017,BIC LTR DALLAS COWBOYS LCR199F,22
150894,KIT KAT TRICK OR TREAT BAR 1.5,8
126968,GRIZZLY PREM PCH STRT   50 OFF,3
127087,SLIM JIM 3  1 CNTR UNIT DSPLY,17
127169,CHARMIN ULT STRNG BNDL,20
127134,NBE NAIL POLISH RMVR,21
127131,NBE PETROLEUM JELLY     VASELI,21
127203,C VALET MICRO MINI 9FT USB CHR,22
16106,DIPPIN STIX APPLE CARAMEL,11
127145,DIPPIN STIX APPLE YOGURT,11
16107,DIPPIN STIX CARROTS RANCH DIP,11
127200,I TECH USB CABLE CHRGR ASST,22
127201,I TECH USB IPHNE CABLE CHRGR 9,22
127153,NICOTEK METRO E CIG KNG PNK 1.,3
127175,NICOTEK METRO KING CAMO 1.8,3
127148,NJOY KING E CIG MENTHOL BOLD,3
127149,NJOY KING E CIG MENTHOL GOLD,3
127151,NJOY KING E CIG TRAD GOLD,3
7968,SARA LEE CINN CRM CHSE,16
125549,COPENHAGEN POUCH WNTRGR 1   3.,3
127029,SWISHER SWT CIGRLO GRAPE 2CT P,3
127176,7 11 SELECT BURR EGG BACON CHS,11
127177,7 11 SELECT BURR EGG SAUS CHSE,11
127213,TOPAZ DVD BLUE RAY C D,22
127214,TOPAZ DVD 2 3 MULTI MOVIE C D,22
126964,5HR ENRG C U SOUR APPLE XSTR,21
127207,5HR ENRG RASP XTRA 1509,21
127218,FALSA BLANKET,22
127143,SWISHER SWT CIGRLO BLK 2CT PCH,3
126885,SWISHER SWT CIGRLO TROP SV ON,3
124410,B BAKER MUFFIN BANANA NUT,16
124409,B BAKER MUFFIN BLUEBERRY,16
124411,B BAKER MUFFIN DBL CHOC,16
124412,B BAKER MUFFIN STRWBY CRM CHSE,16
124456,BAR S BACON SLICED,10
124414,BAR S BOLOGNA,10
124455,BAR S FRANKS,10
124413,BAR S HAM CHOPPD,10
8666,BON APP APPLE TURNOVER,16
8679,BON APP BANANA NUT MUFFIN,16
8668,BON APP BEAR CLAW,16
8669,BON APP CHEESE BERRY DANISH,16
8689,BON APP CHEESE CAKE,16
8692,BON APP CHEESE COFFEE CAKE BAR,16
8675,BON APP CHEESE CROISSANT,16
8677,BON APP CHEESE MUFFIN,16
8697,BON APP FRNCH SWEETIES CNCHA,16
8688,BON APP POUND CAKE,16
8705,BON APP SEMITAS,16
8671,BON APP ULTIMATE CINN DANISH,16
17160,CREAMLAND CHUG WHOLE MILK,9
17163,CREAMLAND CHUG 2  MILK,9
17178,CREAMLAND HALF   HALF,9
17197,CREAMLAND ORANGE JCE,7
17198,CREAMLAND ORANGE JCE        .5,7
17159,CREAMLAND WHOLE MILK         1,9
17156,CREAMLAND WHOLE MILK         6,9
17158,CREAMLAND WHOLE MILK        12,9
17162,CREAMLAND 2  MILK            G,9
17164,CREAMLAND 2  MILK            1,9
17161,CREAMLAND 2  MILK            6,9
124502,D MIG CHIMI CHICKEN,11
4675,D MIG CHIMI MW BEEF CHEESE,11
124529,JANEY LOUS FRSH CRISP FRUITY,16
124530,JANEY LOUS FRSH RC KRSP ORIG,16
18676,MRS FRESH CINN ROLL TEXAS,16
18684,MRS FRESH CUPCAKE CHOC,16
18711,MRS FRESH DONUTS CHOC BAG,16
18693,MRS FRESH DONUTS SUGAR BAG,16
18685,MRS FRESH DREAMIES CRM CKE RAS,16
18670,MRS FRESH HNY BUN JUMBO,16
125285,MRS FRESH PECAN SPINS 6PK,16
18683,MRS FRESH PIE APPLE,16
18682,MRS FRESH PIE CHERRY,16
20651,NE MO BREAD BANANA,16
20650,NE MO BREAD CARROT,16
124443,NE MO COFFEE CAKE,16
124395,NE MO SQUARES BLACK WHITE,16
10844,OM LNCHBL CMBO TURKEY SMKD HAM,11
10848,OM LNCHBL CRCKR LF TURKEY CHED,11
10849,OM LNCHBL FN PK HAM CHEDD,11
124576,OM LNCHBL FN PK PZA PEPPERONI,11
10821,OM LNCHBL HAM CHEDDAR,11
10811,OM LNCHBL PIZZA PEPP,11
10841,OM LNCHBL TURKEY AMER,11
124533,SANTA FE TORTILLA CORN WHITE,14
122875,SANTA FE TORTILLA FLOUR 8IN,14
122876,SANTA FE TORTILLA YELLOW CORN,14
127221,TRIDENT LYRS CANDY CANE C U,8
8687,BON APP BANANA NUT BREAD,16
126671,MRS FRESH GEMS CHOCOLATE,16
126557,MRS FRESH GEMS CINNAMON,16
126504,MRS FRESH GEMS CRUNCH,16
126503,MRS FRESH GEMS POWDERED SUGAR,16
127209,TGIF CHIX WINGS BUFFALO,13
127137,TRUMOO PROTEIN SHAKE ESL CHOC,9
127136,TRUMOO PROTEIN SHAKE ESL VANIL,9
127114,ARIZONA SODA SHAQ STRAW CREAM,7
127113,ARIZONA SODA SHAQ VANILLA CREA,7
127108,LOWRIDER S GLASS        01,22
127109,LOWRIDER S GLASS        02,22
127110,LOWRIDER S GLASS        03,22
127111,LOWRIDER S GLASS        04,22
126992,LOWRIDER S GLASS        05,22
127112,LOWRIDER S GLASS        06,22
126993,LOWRIDER S GLASS        07,22
126994,LOWRIDER S GLASS        08,22
126995,LOWRIDER S GLASS        09,22
126997,LOWRIDER S GLASS        10,22
8248,CADBURY CREME EGGS,8
127229,NAB NUTTER BUTTR CONV       35,16
2711,SODA REFILL OVER 54z,31
2710,SODA REFILL LESS THAN 54z,31
152010,SMALL SLURPEE REFILL UP TO 32z,32
152011,LARGE SLURPEE REFILL OVER 32z,32
2712,COFFEE REFILL UP TO 35z,30
2713,COFFEE REFILL OVER 35z,30
125891,11z STARBUCKS ICED COFFEE,7
125893,11z STARBUCKS ICED VANILLA,7
125894,16z MOUTAIN DEW KCKSTRT ORANGE,7
125895,16z MOUTAIN DEW KCKSTRT FRT PU,7
125900,16z ROCKSTAR BUBBLEBERRY,7
125899,16z ROCKSTAR APPLE,7
126552,ELVIS CIG CASE,22
9844,BLISTEX,21
127103,16z ROCKSTAR P Z CIT ICE,7
126521,32Z GATORADE STRWBRY LEMONADE,7
122816,18.5z PURE LEAF TEA,7
125959,24z BRISK TEA HONEY GINSENG,7
125956,24z BRISK TEA,7
125955,24z BRISK SWEET TEA,7
4220,15.2Z MINUTE MAID CRAN APP RAS,7
11959,12z V8 ORIGINAL,7
11957,12z V8 SPICY,7
10036,MEGA HICK SMK TURK CHEESE,11
124758,SAN LUIS BEAN CHEESE BURRITO,11
124757,SAN LUIS GREEN CHILI BURRITO,11
25143,GOURMET NAT COLBY JACK CH,10
25142,GOURMET NAT STRING CHEESE,10
125778,12z RED BULL TOTAL ZERO,7
618,20z MUG,7
137630,16z MNSTR NRGY ZERO ULTRA,7
126345,22z HEINEKEN BTL,4
127104,16z ROCKSTAR ZERO PUNCHED,7
882,16.9z AQUAFINA 24PK,7
541,1L AQUAFINA,7
151199,SNFLWR SDS REG 1.875z,15
151201,SUNFLWR KERNALS  2z,15
113832,23.5z XINGTEA BLUEBERRY,7
111394,23.5z XINGTEA MANGO,7
124234,187ml COPADEVINO MOSCATO ,5
123731,10z BLACK IGUANA LIME PCH,4
150471,10z BLACK IGUANA LIME MARGARIT,4
127236,NAT VALLEY GRAN THNS DK CHOC P,17
126987,DUCK DYNASTY MILK CHOCO SHPR,8
127244,NEWPORT NON MENTHOL GOLD BOX,2
127239,NEWPORT NON MENTHOL GOLD BOX,2
127240,NEWPORT NON MENTHOL GOLD BOX,2
127238,BIC LTR DUCK DYNASTY,22
127296,MARL 13 MENT BLUE BOX  1 1PK,2
127255,ROYAL COMFORT CIGRLO SWT   2 .,3
127254,ROYAL COMFORT CIGRLO BLACK 2 .,3
127256,ROYAL COMFORT CIGRLO TROP  2 .,3
127257,ROYAL COMFORT CIGRLO WINE  2 .,3
127569,DIGIORNO PZA SUPREME 12IN,13
122815,18.5z PURE LEAF LEMON,7
111923,32z GATORADE CUCUMBER LIM,7
20349,.5G VANILLA,12
20355,.5G COOKIES & CREAM,12
20351,.5G STRAWBERRY,12
20360,.5G CHOCOLATE ALMOND,12
20358,.5G BUTTER PECAN,12
20350,.5G CHOCOLATE,12
20352,.5G NEAPOLITAN,12
151050,PT VANILLA,12
151051,PT CHOCOLATE,12
151052,PT STRAWBERRY ,12
151054,PT BUTTER PECAN,12
151055,PT HOMEMADE VANILLA,12
151056,PT HOMEMADE CHOCOLATE,12
151057,PT CHOC CHIP COOKIE DOUGH,12
151059,PT MINT CHOCOLATE CHIP,12
151062,PT CHUNKY MONKEY,12
151071,SNICKERS BAR KING SIZE,12
151072,KLONDIKE ORIGINAL 5.5OZ,12
151073,KLONDIKE CRUNCH,12
151074,KLONDIKE CHOCO TACO,12
151076,MRS. FIELDS COOKIE SANDWICH,12
151077,GH KING GIANT CONE,12
151079,GH STRAWBERRY  SHORTCAKE,12
151082,GH OREO IC BAR,12
151083,GH KING CONE,12
151084,GH SUNDAE CONE  VANILLA,12
151085,GH GIANT VANILLA SANDWICH,12
151086,GH GIANT NEAPOLITAN SANDWICH,12
151088,GH LOW FAT ICE CREAM SANDWICH,12
151090,RAINBO PUSHUP,12
151091,RAINBOW POPS,12
151092,FRUTTARE STRAWBERRY BAR,12
151094,MAGNUM GOLD BAR,12
151095,MAGNUM BAR DBL,12
151097,GH REESE'S PEANUT BUTTER CUP,12
151098,CREAMSICLE,12
893,12z PEPSI GLASS BOTTLE,7
24685,187ML STE. GENEVIEV CHARDO 4PK,5
25243,187ML BERINGER WHITE ZINFANDEL,5
24689,750ML STE. GENEVIEVE CABERNET,5
7848,750ML YELLOWTAIL CABRNT SAVGN,5
7844,750ML YELLOWTAIL CHARDONNAY,5
7846,750ML YELLOWTAIL MERLOT,5
76526,750ML YELLOWTAIL MOSCATO,5
7845,750ML YELLOWTAIL SHIRAZ,5
105024,750ML BERINGER RED MOSCATO,5
2537,750ML BAREFOOT CHARDONNAY,5
24489,750ML BAREFOOT PINOT GRIGIO,5
25219,750ML BERINGER WHITE ZINFANDEL,5
111880,750ML CHERRY ON TOP SWEET RED,5
111878,750ML CHERRY ON TOP SWEET WHT,5
22920,750ML RIUNITE LAMBRUSCO,5
128007,HERSHEY HALLOWEEN SHIPPER,8
125851,DORITOS RNCH DPD WNG 3.75 ,15
11485,12z DIET COKE 12PK,7
127210,MIKE IKE  CHERRI AND BUBB,8
127211,MIKE IKE LEMON AND MEL,8
77491,MAGNUMN BAR CLS,12
127305,GRANDMAS FRSTD CNNMN RLL,16
21566,1LTR CANADA DRY CLUB SODA MIX,7
127150,NJOY KING E CIG TRAD BOLD,3
124756,SPICY RED HT BEEF BEAN BURR,11
127441,12z ANGRY ORCHARD SNL 12PK,4
127344,FRESH TO GO SAUSAGE BISCUIT,11
127343,7 11 FRESH TO GO BISC SPCY CHI,11
127448,ICE BREAKER DUOS WTRMLON,8
127486,NFL PINK DALLAS COWBOY PEN,22
127514,MARL 13 EDGE  .50 1PK,2
127518,O REDBACHER POP CRNCH B SGR,15
127519,O REDBACHER SHARP WHITE CHEDDA,15
127536,MARLBORO EDGE BOX,2
124268,BIG QUALITY PAPER TOWEL 2PLY,20
127517,C VALET ADVIL ALRGY CONG 2TAB,21
150265,MARLBORO EDGE BOX,2
150311,MARL 13 EDGE  .50 1PK,2
127401,8z BUD LIGHT SEASNLRTA 12PK CN,4
127388,25z BUD LIGHT SEASONAL RITA,4
127377,25z BUD CN,4
127378,25z BUD LIGHT CN,4
127382,25z BUD CHELADA CN,4
127384,25z BUD LIGHT CHLDA XTR LM  ,4
127383,25z BUD LIGHT CHELADA CN,4
127389,25z BUD LIGHT LIME CN,4
127390,25z MICHELOB ULTRA,4
127385,25z BUD CHELADA AND PICANT,4
127386,25z BUD LIGHT LIME A RITA CN,4
127387,25z BUD LIGHT STRAWBERITA C,4
127391,25z BUD ICE CN,4
127392,25z BUSCH CN,4
127393,25z BUSCH LIGHT CN,4
127394,25z NATURAL LIGHT CN,4
22239,CASTROL GTX MOTOR OIL 10W30,24
22240,CASTROL GTX MOTOR OIL 10W40,24
22241,CASTROL GTX MOTOR OIL 20W50,24
127430,CASTROL GTX MOTOR OIL 5W30,24
127433,RACEPRO ANTIFREEZE COOLANT 50,24
127423,RACEPRO BRAKE FLUID DOT 3,24
127434,RACEPRO DIESEL EXHAUST FLUID,24
126496,RACEPRO FUEL INJ CARB CLEANER,24
126495,RACEPRO GAS TREATMENT,24
127431,RACEPRO MOTOR OIL F SYNTH 10W3,24
127432,RACEPRO MOTOR OIL F SYNTH 5W30,24
126497,RACEPRO OCTANE BOOSTER,24
127426,RACEPRO STARTING FLUID,24
127530,RACEPRO STEERING FLUID,24
127420,RACEPRO TIRE INFLATOR W HOSE,24
127427,RACEPRO WINDSHIELD WASH  32,24
127346,MINI UNICORN RAINBOW POP,8
127549,NAT VALLEY GRK YGRT PRTN MXD B,17
127361,NAT VALLEY SFT BKD OAT BAR B S,17
127360,NAT VALLEY SFT BKD OAT BAR PB,17
1905,NAT VALLEY SWT SLTY ALMD,17
1906,NAT VALLEY SWT SLTY PNUT,17
127364,SIXLETS XMAS CANES,8
9835,SOUR PUNCH STRAWS APPLE,8
9834,SOUR PUNCH STRAWS BLUE RASPBER,8
127412,RACEPRO ATF MULTI VEHICLE,24
127408,RACEPRO MOTOR OIL 10W30,24
127409,RACEPRO MOTOR OIL 10W40,24
127410,RACEPRO MOTOR OIL 20W50,24
127411,RACEPRO MOTOR OIL 30SC,24
127418,RACEPRO MOTOR OIL 5W20 SM,24
127407,RACEPRO MOTOR OIL 5W30,24
21400,SNYDERS PRTZL DIPS MILK CHOC,15
21401,SNYDERS PRTZL DIPS WHITE CHOC,15
59446,GOLD MINE GUM,8
127462,IWS FINEST HVY DUTY CASE IPHON,22
127456,IWS FINEST HVY DUTY CASE IPHON,22
127454,IWS SUNGLASSES METAL       12.,22
127452,IWS SUNGLASSES SPORT       12.,22
127451,IWS SUNGLASSES STREET      12.,22
127453,IWS SUNGLASSES WOMAN       12.,22
127457,IWS USB CAR HME CHGR W USB CAB,22
127458,IWS USB CAR HOME CHRG IPHONE4,22
127455,IWS 3IN1 CHRGR W CABLE   IPHON,22
127459,IWS 3IN1 CHRGR W CABLE IPHONE4,22
127460,IWS 3IN1 CHRGR W MICRO USB CAB,22
127461,IWS 6IN1 CHGR IPHONE USB,22
127473,IWS DRIVERS HAT,22
127471,IWS FASHION FEDORA,22
127474,IWS GLOVE MAGIC ASST,22
127476,IWS GLV RAG WOOL THINSULATE,22
127479,IWS HEAD WEAR KNIT BUDGET,22
127480,IWS HEAD WEAR KNIT EARFLAP FAS,22
127478,IWS HEAD WEAR KNIT FASHION,22
127477,IWS LICENSE BEANIE,22
127475,IWS MAGIC STRETCH GLOVE MLTCOL,22
125120,IWS MICRO FLEECE HAT MITTEN KI,22
127499,ALLEY CAT CHIX TUNA,20
127504,C VALET ALKA SLTZR PLS 4TAB,21
111748,LINDOR TRUFFLES CHNGMKR MILK,8
127123,NAB CH AHOY ORIG,16
127122,NAB CKIE OREO,16
127442,16z DIET COKE CN,7
127443,16z SPRITE CN,7
127444,16z DR PEPPER CN,7
17215,CREAMLAND EGGNOG             P,9
127554,BLK MLD PT ORIG 3PK,3
127559,VAN HOLTEN P CORN DILL PCKLE C,15
127521,24z MODELO CHELADA ,4
127526,16z SHOCK TOP CN,4
127380,25z BUD 3PK CN,4
127381,25z BUD LIGHT 3PK CN,4
127395,25z HURRICANE HI GRAVITY CN,4
127613,IWS HOLIDAY JINGLERS C S,22
127611,IWS HOLIDAY PLUSH 8IN,22
127614,IWS LOTSA LITES HOLIDAY C S,22
127673,IWS MICKEY   MINNIE HOLIDAY PE,22
127606,IWS MICKY DRI ERASE FUN PDQ,22
127609,IWS PORCELAIN INDIAN DOLL 8IN,22
125100,IWS SEQUIN SANTA HAT C S,22
127608,IWS WINTER ANIMAL HAT,22
127607,IWS WINTER ANIMAL HAT LONG GLO,22
127923,REESES FAST BREAK,8
127666,REESES NUTRAGEOUS,8
127667,REESES NUTRAGEOUS KING SZ,8
127587,IWS IPHNE 4 COMPATIBLE CABLE 9,22
127615,IWS MICRO USB CABLE 9FT,22
127589,IWS IPHNE 5 COMPATIBLE CABLE 9,22
127579,IWS MINI RECHRG BOMB SPEAKER,22
127602,IWS TUMBLER ASST,22
127617,IWS AUDAMAXX,22
127619,IWS LOLLIBAND ELASTIC BAND,22
127618,IWS KRAZY STRING PDQ,22
127620,IWS NOVELTY TOY ASST  3.99,22
127622,IWS HAND WARMERS C S,22
127623,IWS TY GIRLZ ASST C S,22
125127,IWS KOUNTRY KRYSTAL  2,22
127621,IWS PLUSH SNAKE 54IN,22
127641,CM MENS JOURNAL             6.,22
127558,CM OK! MAGAZINE             4.,22
127670,RACEPRO ATF TYPE F,24
127669,RACEPRO 2 CYCLE OIL OUTBOARD,24
125961,24z BRISK TEA AND LEMONADE,7
127018,24z STEEL RESERVE BLCKBRRY,4
150365,COPENHAGEN FC NATURAL,3
150367,COPENHAGEN LC NATURAL,3
150371,COPENHAGEN POUCH,3
150412,SKOAL LC STRAIGHT,3
150370,COPENHAGEN LC WINTERGREEN,3
150382,GRIZZLY POUCH WINTERGREEN,3
150188,NEWPORT NON MENTHOL GOLD BOX,2
150258,NEWPORT NON MENTHOL GOLD BOX,2
16428,SUPPORT OUR TROOPS MUG,22
3512,ALTOIDS WINTERGREEN,8
11484,12z CLASSIC COKE 12PK,7
126743,MILKY WAY FRENCH VANILLA,8
127311,LOW RIDER BEANIE,22
1484,STRIDE 2.0 SWEET BERRY,8
127317,20z SPRITE CRANBERRY,7
122536,12z STARBUCKS POMGRNTE CN,7
122532,12z STARBUCKS STWBRY LEM C ,7
113681,16z POMPIS ENERGY,7
127243,16z MONSTER ENGY ULTRA RED,7
11621,16z FULL THROTTLE BLUE AGAV,7
127755,SNICKERS MARATHON PNUT BUTTER,17
151754,DAILY WALL STREET,22
151755,BARRON'S,22
150926,7 11 SELECT EASTER CANDY SHPR,8
150927,7 11 SELECT TIE TOP CANDY DSP,8
150928,BUTTERFINGER BITES           S,8
150929,AIRHEADS BITES SOFT FILLED ASS,8
150930,AIRHEADS XTRM BITES BERRY PEG,8
22456,UPGRADE,22
125634,23z ARIZONA TEA MCH MANGO,7
125606,TRUMOO CHOC WHOLE QT,9
127816,COPENHAGEN POUCH WNTRGR 1   3.,3
127815,GRIZZLY WC WINTERGREEN       R,3
127819,NAB WHEAT THINS CHILI CHEESE B,15
127840,NAB BELVITA SFT BKD SS OATS CH,17
127828,NAB OREO DOUBLE STUFF GLDN KS,16
11573,12z COCA COLA ZERO 12PK,7
902,FAYGO COTTON CANDY           P,7
667,FAYGO ROOT BEER              P,7
861,CRYSTAL SPRING WTR DRINKING,7
114054,NESTLE PURE LIFE WTR PURI,7
127879,IWS ALL OF MY LOVE PLUSH BEAR,22
127871,IWS CHARM PENS W REMOVABLE CHA,22
127870,IWS DLX JOURNALS W NECKLACE CH,22
127890,IWS GLOOMING LOVE PLUSH BEAR,22
127873,IWS MINI NOTEBK W NECKLACE CHA,22
127875,IWS PUPPY LOVE PLUSH DOG,22
127876,IWS RIBBETT PLUSH FROG,22
127872,IWS VINYL PENCIL POUCH W CHARM,22
127888,WONDERFUL PISTACHIOS RSTD SLTD,15
20636,NE-MO SQUARES CHOCOLATE,16
127891,IWS VALENTINE ASST PLUSH,22
127842,DORITOS DNMT FY HBR 4z,15
127520,16z BUDWEISER 8PK CALNR,4
127898,REESES PB CUP MINI           P,8
127897,SNICKERS BITES UNWRAPPED,8
127900,BROOKSIDE DARK CHOC ACAI W BLB,8
127901,BROOKSIDE DARK CHOC POMEGRANAT,8
127899,KIT KAT MINIS POUCH,8
127017,12z REDDS STRBERY ALE 6PK BTL,4
127438,16z REDDS STRAWBERRY ALE C,4
8680,BON APP BLUEBERRY MUFFIN,16
111119,SWISHER SWT CIGRLO   .69,3
125113,SWISHER SWT CIGRLO BLUEBRY   .,3
111121,SWISHER SWT CIGRLO GRAPE   .69,3
150842,28z GATORADE CITRUS COOLER,7
127562,28z GATORADE FRC BLUE CHRY,7
127937,BIKE LIGHT LED FRONT   BACK,22
126553,IWS CELEBRITY SMOKE ASHTRAY,22
126567,IWS CELEBRITY SMOKE LIGHTER,22
127938,IWS LIL SWEET   SASSY,22
127939,IWS MEGA FOB,22
127952,24z MILLER FORTUNE CAN,4
127954,12z MILLER FORTUNE 6PK BTL,4
127955,16z SMITH AND FORGE CAN,4
129137,12z SAM ADAMS REBEL 6PK BTL,4
127379,25z BUD SELECT CN,4
107628,2LT FANTA ORANGE,7
113967,2LT FANTA STRAWBERRY,7
127960,2LT FANTA PINEAPPLE,7
127961,2LT FANTA GRAPEFRUIT,7
127962,16z MTN DEW KCKSTRT LIMEAD,7
127963,16z MTN DEW KCKSTRT BLK CH,7
127696,NUTHRVST MCHA ALMONDS 3z,15
127325,NUTHRVST DCBT ALMONDS 3z,15
20290,SARAH FARM MILK .5GL 2  REDC F,9
20297,SARAH FARM MILK 1GL VIT D HOMO,9
123512,750ML SUTTER HOME PINK MO,5
127925,500ML VENDANGE CHARDONN,5
127926,500ML VENDANGE PINOT GRIGI,5
127811,KIND BAR DRK CHOC NUTS SEA SAL,17
127966,KIND PLUS PB DK CHOC PRTN,17
127981,12z BLUE MOON SHT STRW 6PK,4
129132,C VALET DAYQUIL COLD FLU SEVER,21
127574,DOUBLE CAR CHARGER,22
127575,IWS WALL CHARGER,22
127984,SUNFLER SDS SALTPPR 4.25z,15
127988,SUNFLR SDS JLPNO RNCH 4.25z,15
128005,MARL 13 RICH BLUE  .50 1 PK,2
128004,MARL 14 RICH BLUE .50 1PK,2
128002,MARLBORO RICH BLUE BOX,2
128003,MARLBORO RICH BLUE BOX,2
127995,SIMPLY LEMONADE            PLS,7
127997,SIMPLY ORANGE ORIG         PLS,7
125966,28z GATORADE GLCR FRZ,7
151181,MUNCHIES SLTD PNUTS   1.625z,15
128012,25z BUD LGT RAZ BER RITA CAN,4
128013,25z BUD LGT MANG O RITA CAN,4
150313,MARL 14 RICH BLUE .50 1PK,2
128010,GRIZZLY LC WINTERGRN  0.50 OFF,3
150312,MARL 13 RICH BLUE  .50 1 PK,2
128026,8z BUD LGHT MANGORITA 12PK,4
646,20z LIPTON BLACK TEA LEMON,7
650,20z LIPTON GREEN TEA CITRUS,7
652,20z LIPTON DT GREEN TEA CITR,7
128031,25z BUD LIGHT PLATINUM CAN,4
128028,CM GQ                       5.,22
128047,KAMEL RED BOX,2
128048,KAMEL RED SMOOTH BOX,2
125286,MRS FRESH CREME CHOC BELLS   2,16
128055,BUTTERFINGER PB CUPS SHARE PAC,8
128059,FRESH STEP CAT LITTER,20
128056,SWEETWORKS BEAR POP MILK CHOC,8
150316,KAMEL RED BOX,2
150317,KAMEL RED SMOOTH BOX,2
128094,ELECTRIGS E CIG CART BLUE,3
128098,ELECTRIGS E CIG CART CLEAR,3
128095,ELECTRIGS E CIG CART PINK,3
128111,ELECTRIGS E CIG CART SMOKE,3
128108,ELECTRIGS E CIG VAPOR BLACK,3
128109,ELECTRIGS E CIG VAPOR SILVER,3
128107,ELECTRIGS E CIG VAPOR WHITE,3
128099,ELECTRIGS VAPOR E LIQ APPLE,3
128106,ELECTRIGS VAPOR E LIQ BUTTER R,3
128103,ELECTRIGS VAPOR E LIQ CARAMEL,3
128102,ELECTRIGS VAPOR E LIQ CHERRY,3
128104,ELECTRIGS VAPOR E LIQ COFFEE,3
128100,ELECTRIGS VAPOR E LIQ GRN TEA,3
128101,ELECTRIGS VAPOR E LIQ MENTHOL,3
128105,ELECTRIGS VAPOR E LIQ TOBACCO,3
128110,1L FUZE BERRY PUNCH,7
128132,12z SIXER CLASSIC 6PK,7
128133,12z SIXER DT COKE 6PK,7
128134,12z SIXER COKE ZERO 6PK,7
128135,12z SIXER SPRITE 6PK,7
128136,12z SIXER FANTA ORANGE 6PK,7
150843,12z SIXER DR PEPPER 6PK,7
128138,12z SIXER DT DR PEPPER 6PK,7
128139,1.25L LSE CLASSIC,7
128140,1.25L LSE DT COKE,7
128141,1.25L LSE COKE ZERO,7
128142,1.25L LSE SPRITE,7
128143,1.25L LSE DR PEPPER,7
128155,23Z PEACE TEA RAZZLEBERRY,7
128156,23z PEACE TEA LEMON,7
128157,23z PEACE TEA GREEN TEA,7
128158,23z PEACE TEA CADDY SHACK,7
128161,23z PEACE TEA PINK LEMONADE,7
128163,23z PEACE TEA TEXAS SWEET TEA,7
128164,28z GATORADE FRC GRN APPL,7
128207,BUTTERFINGER,8
151180,MUNCHIES HOT PEANUTS  1.625z,15
151179,MUNCHIES HNY RSTD PNUTS  1.375,15
128218,KAMEL 13 RED BOX  0.50 1 PK,2
128219,KAMEL 13 RED BOX  0.50 1 PK,2
128216,KAMEL 13 RED SMTH BOX  0.50 1,2
128217,KAMEL 13 RED SMTH BOX  0.50 1,2
128220,SPEED STK DEOD ORIG,21
150318,KAMEL 13 RED BOX  0.50 1 PK,2
150320,KAMEL 13 RED SMTH BOX  0.50 1,2
128291,14z D C PNUTBTR CHUNK,12
128147,4z N DIBS VAN CRUNCH ,12
11855,6z N TOLLHSE SANDWICH VAN ,12
18963,7.5z N DRUMSTICK  KNG CONE VAN,12
128148,7.5z N DRUMSTICK KNG CONE TRPL,12
128149,4z N BUTTERFINGER KNG ,12
18962,4.6z N DRUMSTICK  VAN ,12
4907,4z N STRAW SHORTCAKE,12
128151,3z N ORANGE CREAM BAR,12
128152,3.5z N ITZAKADOOZIE BAR,12
128165,6z N ICE CREAM SANDWICH VANILL,12
128166,3z NESTLE CRUNCH,12
128167,3z N COOKIES N CREAM BAR,12
128228,2.75z N PUSH UP ORANGE ,12
19930,3z HD VANILLA  ALMONDS,12
19927,3z HD VANILLA  MILK CHOCOLATE,12
128172,2.8 z SNICKERS ICE CREAM BAR ,12
128224,4z HE STRAWBERRY CREAM,12
128205,4z HE COCONUT CREAM,12
128174,4z HE MANGO CREAM,12
129403,14z N TOLLHOUSE COOKIE DOUGH,12
19940,14z H BUTTER PECAN,12
19926,14z H CHOCOLATE,12
19929,14z H COFFEE,12
19952,14z H DULCE DE LECHE,12
19928,14z H STRAWBERRY,12
19924,14z H VANILLA,12
19939,14z H VANILLA SWISS ALMOND,12
128292,14z D GRND BUTRFNGR,12
128294,14z D GRND DRUMSTK,12
128250,3.5z BAKENETS TENDER CRACKLINS,15
128252,2.5z BAKENETS SWEAT SOUTHERN H,15
128246,3.25z DORITOS DINM TFH CHETOS,15
128257,8z DORITOS DINM TFH CHETOS,15
128290,8z DORITOS DINMT FIRY HABNRO,15
128249,2.625z FUNYUNS CHILI LIMON,15
128255,2.5z LAYS K CHDR B PPR,15
128247,1.7z RUFFLES CRP FRIES ORG,15
128248,1.7z RUFFLES CRP FRIES 1.49,15
128363,CM SI SWIMSUIT ANNUAL       7.,22
128389,PALL MALL 13 BLUE BOX  .50 1PK,2
128387,PALL MALL 13 BLUE BOX  .50 1PK,2
128386,PALL MALL 13 MEN BLK BX  .50 1,2
128388,PALL MALL 13 MEN WHT BX  .50 1,2
128382,PALL MALL 13 MEN WHT BX  .50 1,2
128391,PALL MALL 13 RED BOX  .50 1PK,2
128385,PALL MALL 13 RED BOX  .50 1PK,2
128390,PALL MALL 13 RED BOX  .50 1PK,2
128365,SK ENERGY SHOTS BERRY XS,21
128366,SK ENERGY SHOTS GRAPE XS,21
8218,REESES PB EGG,8
150324,PALL MALL 13 MEN BLK BX  .50 1,2
128452,MARL 14 BLUE MENTHOL  .50 1 PK,2
128453,MARL 14 BLUE MENTHOL  .50 1 PK,2
128456,MIO WTR ENHNCR ENERGY ACAI BER,21
128457,MIO WTR ENHNCR ENERGY TROP PAS,21
128459,MIO WTR ENHNCR FIT LEMON LIME,21
128458,MIO WTR ENHNCR FIT ORANGE,21
128454,RICOLA STICK CHERRY HONEY  701,21
128455,RICOLA STICK ORIG HERBAL   701,21
128515,SK ENERGY SHOTS STRAW LMNDE XS,21
128368,7 11 SELECT NRG SHOT BERRY,21
128369,7 11 SELECT NRG SHOT BERRY XST,21
128370,7 11 SELECT NRG SHOT DRAGON FR,21
128371,7 11 SELECT NRG SHOT PASSION F,21
150323,PALL MALL 13 BLUE BOX  .50 1PK,2
150325,PALL MALL 13 MEN WHT BX  .50 1,2
150326,PALL MALL 13 RED BOX  .50 1PK,2
129034,NBE ASPIRIN 325MG          BAY,21
18844,CM STYLE WATCH              4.,22
128464,7 SELECT SPECKELEDJELLY BEANS ,8
128466,7 SELECT MINI MALT EGGS,8
128465,7 SELECT GUMMI BUNNY,8
26083,CM STAR MAGAZINE            4.,22
128780,NBE PAIN LIQ CHILD GRAPE    TY,21
128568,11z STRBCK ICE COFFEE CRMEL,7
150337,MARL 14 BLUE MENTHOL  .50 1 PK,2
128621,14z HORCHATA ORIGINAL,9
128773,BISCOFF BREAK CADDY TWINPACK,16
10106,BLUE D ALMONDS R S TUBE,15
128644,BLUE D ALMONDS SMOKE TUBE,15
128636,BROWNIE BRITTLE CHOC CHIP,16
128635,BROWNIE BRITTLE SALTED CARAMEL,16
128732,BROWNIE BRITTLE TOFFEE CRUNCH,16
11941,CAMPBELL SPAGHETTIOS,19
128639,DAELMANS WAFER CARAMEL SNGL JM,16
8941,DINTY MOORE BEEF STEW,19
128633,DUKES SMKD SSG ORIG SHORTY,17
128645,EDAMAME DRY RSTD LIGHT SALTED,15
128646,EDAMAME DRY RSTD SPICY WASABI,15
128641,FIT CRUNCH BAR COOKIES   CREAM,17
128640,FIT CRUNCH BAR PEANUT BUTTER,17
128469,LINK BF JERKY LE BURRITO,17
128631,LINK BF JERKY SM BATCH ORIG,17
128632,LINK BF JERKY SM BATCH TERIYAK,17
10188,MARUCHAN RAMEN SHRIMP,19
128628,SLIM JIM GIANT CRACKED PEPPER,17
128634,SLIM JIM STKHSE JRKY BACON MAP,17
128629,VIGIL JRKY RED CHILE,17
128630,VIGIL JRKY SALT   PEPPER,17
128649,BIGS PUMPKIN SDS LGHTLY SLTD,15
119946,BIGS SNFLWR SDS HDN VALLEY RAN,15
128650,BIGS SNFLWR SDS HEINZ SLT VIN,15
128647,CRACKER JACKD NRG TRAIL MIX BR,15
128648,CRACKER JACKD NRG TRAIL MIX CH,15
4549,D S SNFLWR KRNLS           460,15
128661,HERSHEY PIECES MILK CHOC W ALM,8
2526,JIM BEAM SUNFLWR SDS JALAPENO,15
128655,LAYS STAX MESQUITE BBQ       ,15
128656,LAYS STAX ORIGINAL           ,15
128657,LAYS STAX SOUR CREAM   ONION S,15
128660,REESES PIECES POUCH,8
123756,SPITZ SUNFLWR SDS SALTED,15
128651,SPITZ SUNFLWR SDS SEASONED,15
128658,TWANG SHAKER HOT PICKLE,15
3716,TWANG SHAKER TAMARIND,15
128726,WONDERFUL PISTACHIOS SALT PEPP,15
128653,WONDERFUL PISTACHIOS SWT CHILI,15
70868,C VALET DAY NYQUIL 2CAPS 1EACH,21
26190,C VALET T PASTE COLGATE .85Z,21
128678,GRIZZLY LC STRAIGHT  .50 OFF,3
128679,GRIZZLY POUCH WINTRGRN  0.50 O,3
128680,GRIZZLY WC WINTERGRN  0.50 OFF,3
128673,TUMS CHEWY DELIGHTS CHERRY,21
128674,TUMS CHEWY DELIGHTS PEPPERMINT,21
150433,GRIZZLY LC STRAIGHT  .50 OFF,3
150435,GRIZZLY WC WINTERGRN  0.50 OFF,3
128694,9.75 z FRITOES REGULAR,15
128696,9.75z FRITOS HOT,15
128697,9.75z FRITOS SCOOPS,15
128699,6z REGULAR FUNYUNS,15
128700,6z FLAMIN HOT FUNYUNS,15
128701,9z CHEETOS CRUNCHY,15
128702,9z CHEETOS XX FLMN HOT,15
128705,9z CHEETOS FLAMIN HOT,15
128706,9z CHETETOS HOT LIME,15
128707,8.5z CHEETOS JUMBO PUFFS,15
128708,8.5z CHEETOS HOT JMBO PFS,15
128717,32z MANGO POWERADE,7
128643,CAP N CRUNCH BAR LARGE BERRY,17
128468,LINK BF JERKY LE SRIRACHA,17
128725,SNYDERS PRTZL CINN SUGAR,15
128724,VECHIPS VEGGIE CHIPS,15
128723,VIGIL JRKY GRN CHILI,17
128727,CM PEOPLE MAGAZINE          4,22
128757,WRIGLEY 5 ASCENT,8
123454,17z SPKING ICE BLACK RSPBRRY,7
128784,17z SPKLING ICE ORNG MANGO,7
128785,17z SPRKLING ICE CHRRY LMDE,7
128786,17z SPKLING ICE PCH NCTRNE,7
128036,12z JOHNNY APPLESEED 6PK BTL,4
128792,ROCKY MTN CHIP DIEGO HABANERO,15
128793,ROCKY MTN DIEGO CHIP RED CHILI,15
128791,SNYDERS PRTZL CARAMEL SALTED,15
127117,7 11 SELECT CHERRY SOURS 63037,8
128813,CM US WEEKLY                4,22
111755,ROCK CANDY CRYSTAL STICKS JAR,8
128864,CAKEBALLZ BIRTHDAY CAKE,16
128865,CAKEBALLZ CHOCOLATE,16
128866,CAKEBALLZ RED VELVET,16
128859,OM P3 RST ALMD SMK HAM SHRP CH,11
128860,OM P3 RST ALMD SMK TRKY SHRP C,11
128862,OM P3 RST PNUT MLD CHED CHIX,11
128863,OM P3 RST PNUT MLD CHED RST TR,11
24699,187ml WDBRDG CHARDONNY,5
127678,NJOY E CIG BOGO BOLD MENT,3
127676,NJOY E CIG BOGO BOLD TRAD,3
127677,NJOY E CIG BOGO GOLD TRAD,3
129160,SWISHER SWT BLK CIGRLO CHRY,3
128962,SWISHER SWT BLK CIGRLO SMTH  .,3
128943,SWISHER SWT CIGRLO BLACK 2 .99,3
128946,SWISHER SWT CIGRLO BLUBRY 2 .9,3
128945,SWISHER SWT CIGRLO GRAPE 2 .99,3
128940,SWISHER SWT CIGRLO GRN SWT 2 .,3
128942,SWISHER SWT CIGRLO PEACH 2 .99,3
128939,SWISHER SWT CIGRLO TROP 2  .99,3
128960,SWISHER SWT CIGRLO WHT GRP 2 .,3
128963,SWISHER SWT MINI CIGRLO    3FO,3
128965,SWISHER SWT MINI CIGRLO BB 3FO,3
128964,SWISHER SWT MINI CIGRLO GR 3FO,3
128973,W OWL CIGRLO FOIL BLACK  PP .6,3
128971,W OWL CIGRLO FOIL GOLD  2  .99,3
128968,W OWL CIGRLO FOIL GR SWT 2  .9,3
128970,W OWL CIGRLO FOIL GRAPE PP2 .9,3
128974,W OWL CIGRLO FOIL SWEETS   .69,3
107165,W OWL CIGRLO FOIL SWEETS 2  .9,3
128969,W OWL CIGRLO FOIL WHT GRP 2  .,3
128976,W OWL FOIL CIGRLO GRAPE PP .69,3
128972,GAME CIGRLO FOIL MILD RED 2  .,3
128967,GOLD STRIKE CHURCHILL,3
128966,GOLD STRIKE TORO,3
128977,LONGHORN FC NATURAL TUB MINI,3
128979,LONGHORN LC STRAIGHT TUB MINI,3
128978,LONGHORN LC WINTERGREEN TUB MI,3
128984,SWISHER SWT CIGRLO PEACH  2 1.,3
127024,GAMESA CHOKIS,15
127022,GAMESA PIRUETAS LIMON,15
127023,GAMESA GIRO,15
127020,GAMESA MINI MANUT,15
127021,GAMESA ARCOIRIS,15
128948,KIDSMANIA FLASH POPS,8
129133,TWIRL POP HELLO KITTY,8
129018,LOWRIDER CAPS PREPACK W DSP BA,22
129019,TAPOUT TORCH LIGHTER,22
129040,GRIZZLY LC MINT  .50 OFF,3
18952,CM GLOBE                    4.,22
129081,CM TATTOO ENERGY            9.,22
129080,CM TATTOO LIFE              9.,22
129091,12z CRS LGHT SMMR BRW 12PK,4
3222,TROLLI GUMMI NEON SQUIGGLE  12,8
18616,M M MILK CHOC                S,8
129123,2z SMRTFD MOVIE THTR POPCR,15
129128,3.375Z DORITOS JCKED RED,15
129129,3.375Z DORITOS JCKED ORANG,15
129130,3.375Z DORITOS JCKED BLUE,15
129138,RACEPRO BIG TIRE INFLATOR W HO,24
128944,SWISHER SWT CIGRLO 2  .99  PCH,3
129165,24z DOS A RITA,4
126807,DASANI .5L 24PK,7
129195,7 11 SLURPEE MASON BOTTLE,32
129194,7 11 STRAW MUSTACHE,31
129188,HERSHEY KISSES GIANT CHOC,8
129190,J RANCHER BITES KS,8
129191,J RANCHER HARD CANDY ASST,8
129192,J RANCHER HARD CANDY WATERMELO,8
129189,TWIZZLERS FILLED BITES STRAWBR,8
127428,RACEPRO POWER STEERING STOP LE,24
129206,TWANG KOOZIE LEMON LIME C S,15
129260,BUGLES F D,15
129261,IWS SUNGLASSES METAL       12.,22
129262,IWS SUNGLASSES SPORT       12.,22
129263,IWS SUNGLASSES STREET      12.,22
129235,20z MTN DEW BAJA BLAST,7
129236,12Z MTN DEW BAJA BLAST 12PK,7
129240,15.2Z MMJTG BERRY BLEND,7
129241,15.2Z MMJTG TROPICAL BLEND,7
106915,16z NOS CITRUS,7
129245,16z NOS WHITE,7
77459,CAN COOZIE CAN TASTIC C S,22
129250,HAUS E CIG DISP TANK,3
129251,HAUS E CIG STARTER KIT,3
129252,HAUS E LIQ AMER BLEND TOB   2.,3
129253,HAUS E LIQ CL ICE BLND MENT 2.,3
126996,LOWRIDER S GLASS        FREE,22
129169,RACEPRO ANTIFREEZE 100,24
129170,RACEPRO MOTOR OIL DIESEL 15W40,24
129304,10.1z FRUIT SHOOT STRBRY RAS,7
129305,10.1z FRUIT SHOOT ORANGE,7
129307,SNICKERS ROCKIN NUT,8
127841,2.5z RUFFLES HOT WINGS,15
151949,MILITARY 12z COFFEE,30
151951,MILITARY 20z COFFEE,30
151952,MILITARY 24z COFFEE,30
151987,MILITARY GULP 20z,31
151988,MILITARY GULP 30z,31
151989,MILITARY GULP 40z,31
151990,MILITARY GULP 54z,31
152013,MILITARY SLURP 12z,32
152014,MILITARY SLURP 22z,32
152015,MILITARY SLURP 28z,32
152016,MILITARY SLURP 40z,32
152017,MILITARY REFILL SMALL SLURP,32
151953,MILITARY COF REFILL UP TO 35z,30
151954,MILITARY COF REFILL OVER 54z ,30
151991,MILITARY GULP REFL UP TO 54z,31
152018,MILITARY REFILL SMALL SLURP,32
151758,MAGAZINE OPEN KEY,22
129373,1L BRISK BLUEBERRY LMNDE,7
129391,CM SHAPE                    5.,22
129397,IWS ASST STICKER PAD,22
129400,IWS GLOW BY THE DOZEN,22
129396,IWS LIGHT UP IPHONE MCRO USB C,22
129395,IWS LIGHT UP IPHONE 4 CBL,22
129394,IWS LIGHT UP IPHONE 5 CBL,22
129401,IWS MONSTER HIGH MINI SKETCH,22
20464,IWS SUPER BANG UZI 8 SHOT,22
132900,IWS SUPER JUMBO PENCIL,22
19229,SKOAL LC WNTRGRN  .75 OFF,3
129399,TOY SUPER BANG RING CAP      7,22
129404,IWS STYLUS,22
129405,IWS 2M 6.5 AUX CABLE,22
129415,IWS HACKEY SACK SOCCER BALL,22
129417,IWS POLY AMERICAN FLAG,22
129425,MARKTEN E CIG CART CLASSIC,3
129426,MARKTEN E CIG CART MENTHOL,3
129423,MARKTEN E CIG CLASSIC W USB,3
129424,MARKTEN E CIG MENTHOL W USB,3
129427,ARIZONA TEA GREEN            P,7
74301,ARIZONA TEA MANGO            P,7
129428,ARIZONA TEA SWEET            P,7
129416,CM MAXIM                    3.,22
151445,FIFA WORLD CUP SOCCER BALL,22
129461,CAMO HUNTING CAP ASST,22
129460,CAPS ASSORTED,22
129462,IWS STAW HAT COWBOY ASST,22
129459,SKULL BANDANAS,22
129620,BUTTER PECAN 48z,12
129621,CHOCOLATE 48z,12
129622,COOKIES N CREAM 48z,12
129701,FAYGO CREAM                  P,7
129522,FAYGO MOON MIST              P,7
129521,FAYGO ORANGE                 P,7
129520,FAYGO RED POP                P,7
129623,DOUBLE FUDGE BROWNIE 48z,12
129624,MINT CHOCOLATE CHIP 48z,12
129625,ROCKY ROAD 48z,12
124195,750ml LOST VINEYARDS SANGRI,5
124200,750ml LOST VINEYARDS LMBRS,5
124239,750ml LOST VNYRDS CBRNT SV,5
124271,750ml ELENA MOSCATO DOLCE,5
124165,16z MTN REGION PEPSI CAN,7
129313,12z STRBCK RFRSHRS BLBRRY A,7
129291,24z MONSTER ULTRA ZERO,7
129712,187ml GALLO CHARDONNAY SNGLE,5
129715,750ml MIRRASOU PINOT NOIR,5
129748,BUTTERFINGER BITES KS,8
129762,ECLIPSE PEPPERMINT,8
129747,JUICY DROP TAFFY,8
129754,M M MINIS MEGA TUBE,8
129755,MILKY WAY BITES SMPLY CARAMEL,8
129737,ORBIT GUM MINI BOTTLE SPEARMIN,8
129738,ORBIT GUM MINI BOTTLE WINTERMI,8
129749,SKITTLES DARKSIDE SHARE SZ,8
9309,SKITTLES SOUR KING SZ,8
129750,SKITTLES WILD BERRY KS,8
129752,STARBURST MINIS SHARE SZ,8
129751,STARBURST VERY BERRY SHARE SZ,8
129760,STRIDE SOUR PATCH KID GUM LIME,8
129761,STRIDE SOUR PATCH KID GUM RED,8
129757,TRIDENT LYRS WTRMLN TROP FRT,8
129756,TWIX BITES,8
129758,WRIGLEY 5 FOCUS PEPPERMINT IC,8
129759,WRIGLEY 5 FOCUS SPEARMINT IC,8
129216,YORK PEPRMNT MINIS KING SIZE,8
129753,3 MUSKETEERS BITES KS,8
129781,187ml GALLO MOSCATO 4PK,5
129626,48z VANILLA,12
129627,48z NESTLE TOLHSE COKI D ,12
129630,48z SLOW CHURNED VANILLA,12
127312,C VALET AIRFRSH COCONUT,24
129779,BREATH SAVERS WINTERGREEN    B,8
129770,BUTTERFINGER PB CUPS,8
129771,HERSHEY KRACKEL,8
129778,HUBBA BUBBA HAWAIIAN PUNCH,8
129765,KIDSMANIA FORMULA 1 RACER,8
129768,KIDSMANIA GARFIELD BBL GUM TAP,8
16542,KIDSMANIA SOUR FLUSH,8
129772,M M BIRTHDAY CAKE SINGLES,8
129773,M M CHOC BAR SINGLES,8
129774,M M MILK CHOC MEGA SINGLES,8
9268,M M MINIS TUBE,8
129769,RING POP GUMMIES POUCH,8
22252,SPREE ROLL                 1.7,8
22251,SWEETARTS ROLL              1.,8
1458,TRIDENT VALU PAK MINTY TWST,8
129766,TRIDENT VALU PAK PEPPERMINT,8
1442,TRIDENT WINTERGREEN,8
129776,AIRHEADS BITES BERRY,8
129777,AIRHEADS BITES FRUIT,8
129767,BAZOOKA WALLET PACK,8
129797,BLU E CIG DISP CHERRY CRUSH,3
19220,SKOAL PCH STRAIGHT,3
129654,500ML BLACK BOX CHARDONNAY,5
129833,CAREFREE PANTILINER REG W BKG,21
129816,NAB OREO MINI W REESE PB BIG B,16
10581,NAB RITZ SNDWCH W CHS SS     2,15
10580,NAB RITZ SNDWCH W PNT BTR SS 2,15
129814,SOUR PATCH EXTREME           P,8
105148,SOUR PATCH KD BERRIES        P,8
129815,SOUR PATCH LINE UPS,8
129834,STAYFREE MAXI PADS REG,21
130775,CUBE POPS CINNAMON,8
129827,LINK JRKY BF SM BATCH PEPPERRE,17
129839,NAB CH AHOY BROWNIE KS,16
129838,NAB OREO MEGA STUFF KS,16
129837,TWANG LONG NECK ORANGE C S,15
128941,SWHISHER SWT CIGRLO STRAW2.99,3
128676,SWISHER SWT CIGRLO ISL MAD2.99,3
128975,W OWL FOIL CIGRLO WT GRP PP.69,3
129863,ARRIBA ENERGY HORCHATA,7
24534,187ml SUTTER HOME CHRDNNY 4PK,5
24535,187ml SUTTER HOME W ZIN 4PK,5
25030,750ml LLANO SWEET RED,5
19231,SKOAL LC STRAIGHT  .75 OFF,3
129892,12z RED BULL SUMMER EDTION,7
129894,TIC TAC RED WHITE BLUE C U,8
74810,XINGTEA GRN TEA GINSENG HNY  C,7
74813,XINGTEA PREM TEA LEMONADE    C,7
123561,7-11 DOTS BRK FLUID 12z,24
123557,7-11 FUEL SYSTM CLEANER 12z,24
129908,HOST DONETTES CHOC           B,16
129909,HOST DONETTES POWDERED       B,16
129924,PIERRE BIG AZ CHSBRGR BCN ADDC,11
17869,PIERRE BIG AZ CHSBRGR BW     8,11
129922,PIERRE BIG AZ CHSBRGR KCKN JAL,11
129923,PIERRE BIG AZ SNDW SPCY CHIX,11
17865,PIERRE CROISS TWISTR HAM EGG C,11
129918,PIERRE FAST CH CHEESEBURGER,11
129914,PIERRE FAST CH CHEESEBURGER BC,11
129920,PIERRE FAST CH CHEESEBURGER JA,11
129915,PIERRE FAST CH SNDW CHIX SPICY,11
129919,PIERRE FAST CH SNDW RIB BBQ,11
129921,PIERRE HOT RDY BRKFST BISC B E,11
17872,PIERRE HOT RDY BRKFST PANCKE S,11
17873,PIERRE HOT RDY MUFFIN CB E CHS,11
17870,PIERRE HOT RDY MUFFIN S E CHSE,11
152019,FREE SMALL SLURPEE,32
130041,C VALET EXTRA STRENGTH HEAD RL,21
130054,COPENHAGEN LC WNTR 1   3.39,3
130058,GRIZZLY SNUFF   .50 OFF,3
130118,GOOD2GROW STRAWBERRY KIWI,7
130117,GOOD2GROW TROPICAL PUNCH,7
135718,PIERRE FASTBITE SAUSAGE BISC,11
129790,187ML STTR HME PNK MSCATO 4PK,5
24533,187ML SUTTER HOME MERLOT 4PK,5
74368,187ML STTR HME CBRNT SVGN 4PK,5
133634,750ML FL A DX MNG A TRS RD ,5
24881,750ML CLS DU BOIS CHRDNNAY,5
129789,750ML CUPCAKE CABERNET,5
151994,MILITARY GULP REFILL OVER 54,31
151956,MILITARY COFFEE 16OZ,30
130258,TAKIS ZOMBIES 4z,15
130259,TAKIS EXTRA HOT 4z,15
130260,CHIPS JALAPENO 4.1z,15
130261,CHIPS FUEGO,15
130262,PEPES CHILE LIMON,15
130263,PEPES SEASONED,15
130264,PEPES HABANERO,15
130265,PEPES ORIGINAL,15
24700,750ml MONDAVI PRIVATE SEL CAB,5
24993,750ml SCHMITT SOHNE BLUE RIESL,5
105020,750ml SUTTER HOME MOSCATO,5
74370,187ml SUTTER HOME MOSCATO 4PK,5
24691,750ml WOODBRIDGE CAB SAUV,5
21567,2L CD CLUB SODA,7
21429,2L RC COLA,7
21572,2L CD GINGER ALE REG,7
130286,11.3z VERO ELOTE CHILE,8
130287,11.3z VERO MANGO CHILE,8
130291,5z VERO RELLERINDOS,8
130289,6.3z VERO PICA FRESA,8
130290,6.3Z VERO PICA GOMA TAMARINDO,8
130292,.37z BOCADIN,8
130565,COPENHAGEN LC STRT 1   3.39,3
130307,SKOAL X TRA PCH MINT 1    3.39,3
19190,SKOAL X TRA PCH WNTR 1    3.39,3
130737,7 11 COFF EXCLUSIVE BLND RETAI,19
21571,1L CD GINGER ALE REG,7
21456,1L SQUIRT REG,7
126619,24z ARIZONA STRAWBERRY,7
15634,24z ARIZONA GRAPEADE,7
10041,3.5z CRUNCH MINI DONUTS,16
130606,2.875z LAYS BACON MAC N CHS,15
130634,2.875z LAYS CAPPUCCINO,15
130635,2.875Z LAYS WAVY MANGO SALSA,15
130636,2.875z LAYS WASABI GINGER,15
130836,MARL 14 RICH BLUE  1.00 1 PK,2
130597,BLK MLD CIGRLO ORIG 5  3.39,3
130596,BLK MLD CIGRLO WINE 5  3.39,3
7729,9z BANQ CHIX DINNER ,13
130390,HOST TWINKIES CHOCODILE,16
130336,ROCKALETA DISPENSER,19
128006,16z COKE ZERO CN,7
150872,24z BRIKS TEA LEMON,7
130595,SWISHER SWT CIGRLO SMR TWS 2 .,3
130908,SNCKWL CREAM SNDWCH VANILLA S,16
125601,MRS FRESH BROWNIE FUDGE,16
24226,5L FRANZIA CHILLABLE RED,5
12332,7-11 EXCLUSIVE BLEND COFFEE,19
130666,SWEET LOADER CANDY CAR,8
129101,25z BUSCH SIGNATURE CN,4
111946,187ml GALLO MASCATO 4PK,5
130714,ENERGEMS SINGLE SERVE CHOCOLAT,21
130715,ENERGEMS SINGLE SERVE MINT,21
130716,ENERGEMS SINGLE SERVE PB,21
18235,12z BIG RED 12PK,7
21474,12z RC COLA 12PK,7
151191,SABRITAS NUTS JAPANESE  1.625z,15
131105,24z REDDS WICKED CN,4
130995,24z STEEL RESERVE PUNCH CN,4
151958,FREE 7 SLCT PSTRY W 20z COFF,30
8940,HORMEL CHILI W BEANS REGULAR,19
2335,12z SHOCK TOP BELGIAN SINGL,4
130799,IWS CHRGR CAR 1A,22
130793,IWS CHRGR DUAL 2.1A,22
130796,IWS CHRGR WALL 1A,22
130790,IWS LIGHT UP CORD IPHONE 4,22
130800,IWS LIGHT UP CORD IPHONE 5,22
130791,IWS LIGHT UP CORD MICRO USB,22
130797,IWS 6.5FT CORD IPHONE 4,22
130792,IWS 6.5FT CORD IPHONE 5,22
130798,IWS 6.5FT CORD MICRO USB,22
130947,OLEUM E CIG BLACK,3
130948,OLEUM E CIG SILVER,3
130951,OLEUM OIL BLUEBERRY,3
130952,OLEUM OIL CHERRY BLOSSOM,3
130953,OLEUM OIL CINNAMON,3
130954,OLEUM OIL ESPRESSO BEAN,3
130955,OLEUM OIL MENTHOL,3
130956,OLEUM OIL MINT FREEZE NO NIC,3
130957,OLEUM OIL TOBACCO,3
131432,OLEUM OIL VANILLA BEAN,3
130949,OLEUM PRO TANK BLACK,3
130950,OLEUM PRO TANK DUAL COIL,3
130959,OLEUM PRO TANK MINI,3
131604,OM BEEF FRANKS,10
126616,ARIZONA A PALMER H/H STRAW ,7
131128,9.9z TAKIS FUEGO,15
151996,FREE SMALL FOUNTAIN,31
151960,FREE SMALL COFFEE,30
151961,7REWARD COFFEE,30
131239,MONTEJO 6PK BTL,4
131318,16z MONSTER ULTRA BLACK,7
131289,BLK MLD PT ORIG 3PK,3
7731,BANQ SALISBURY STEAK,13
131323,COPENHAGEN POUCH WNTRGR 1   3.,3
131334,MARL 14 SPAN MENT BX  1 1PK,2
131336,MARL 14 SPAN MENT BX  1 1PK,2
131339,MARL 14 SPAN MENT GLD BX  1 1P,2
150354,MARL 14 SPAN MENT GLD BX  1 1P,2
131337,MARL 14 SPAN MENT GLD BX  1 1P,2
131338,MARL 14 SPAN MENT SMTH BX  1 1,2
131321,SKOAL LC WINTERGRN  1.00 OFF,3
131360,CHAP ICE LIP REVO BLUE BLUE RA,21
131363,CHAP ICE LIP REVO GRN WTRMLN,21
131358,CHAP ICE LIP REVO PINK STRAWBR,21
131364,CHAP ICE LIP REVO PURP POM,21
131359,CHAP ICE LIP REVO RED CHERRY,21
131365,CHAP ICE LIP REVO TANGERINE,21
131362,CHAP ICE LIP REVO WHITE MINT,21
131361,CHAP ICE LIP REVO YLLW MLN MIN,21
151233,D S SNFLWR SDS JUMBO BUFF RANC,15
131634,D S SNFLWR SDS JUMBO ORIG,15
150349,MARL 14 SPAN MENT BX  1 1PK,2
131390,7 11 SANTA MUG,30
131388,OM BACON JRKY BOURBON BBQ,17
131389,OM BACON JRKY TERIYAKI GINGER,17
18694,MRS FRESH SNOBALL PINK,16
131407,14z NESQUIK THIN MINT GS,9
131408,14z NSQK CRML CCNT GS,9
124206,750ml ELENA ROSSO DOLCE,5
131425,IWS BEANIE POM STATIC,22
131422,IWS HAT BUDGET EARFLAP KNIT,22
131428,IWS HAT PRINTED TRAPPER,22
131427,IWS HAT SOLID CUFFLESS KNIT,22
131426,IWS HAT SOLID TRAPPER,22
131423,IWS MAGIC GLOVE BLACK,22
131424,IWS TOUCHSCREEN MAGIC,22
127751,12Z ANGRY ORCHARD GR APP 6PK,4
131451,7 11 SELECT GUMMI PUMPKINS,8
131452,7 11 SELECT CANDY CORN,8
131453,7 11 SELECT JELLY PUMPKINS,8
131671,TRIDENT SPEARMENT,8
131672,TRIDENT ORIGINAL,8
131673,TRIDENT TROPICAL TWIST,8
126195,14z NESQUICK DOUBLE CHOC,9
127323,12z BEERS OF MEXICO 12PK BTL,4
131640,STRIDE SOUR PATCH ORANGE,8
135219,16Z SMIRNOFF ICE SCREWDRIVER,4
132268,IWS BLUE SKINNY 3MM AUDIO EARB,22
132269,IWS PINK SKINNY 3MM AUDIO EARB,22
132713,IWS RED SKINNY 3MM AUDIO EARBU,22
132452,IWS BRIGHT CABLE BLUE MICRO,22
132714,IWS BRIGHT CABLE ORANGE MICRO,22
132137,IWS PREMIUM MICRO USB 3IN1 CHA,22
132029,IWS HOTTIPS BLUETOOTH HANDS FR,22
132136,IWS MICRO USB CHARGER,22
133625,IWS 3WAY USB CAR CHARGER,22
132030,IWS MICRO USB DATA CABLE,22
151534,IWS STEREO EARBUDS,22
132617,IWS STEREO ADAPTER,22
136546,IWS IPHONE 5 BRIGHT CABLE BLUE,22
132141,IWS IPHONE 5 BRIGHT CABLE ORAN,22
132620,IWS IPHONE 5 BRIGHT CABLE ROSE,22
132618,IWS 3 IN 1 IPHONE LIGHTNING CH,22
132548,IWS APPLE LIGHTNING USB CABLE,22
132451,IWS IPOD  IPAD  IPHONE4 DATA C,22
132138,IWS SUNGLASS DRIVERS 12.99,22
132550,IWS SUNGLASS AVIATORS 12.99,22
151623,IWS SUNGLASS TRENDS 12.99,22
135925,IWS SUNGLASS CAMO URBAN 12.99,22
150908,7 11 SELECT GUMMI BEARS,8
150912,7 11 SELECT GUMMI SR NEON WORM,8
150915,7 11 SELECT JELLY BEANS,8
150916,7 11 SELECT ORANGE SLICES,8
150932,7 SELECT SPECKELEDJELLY BEANS ,8
150933,7 SELECT MINI MALT EGGS,8
150937,7 11 SELECT CHERRY SOURS 63037,8
150952,7 11 SELECT GUMMI PUMPKINS,8
150953,7 11 SELECT CANDY CORN,8
150954,7 11 SELECT JELLY PUMPKINS,8
128023,NEWPORT BOX 100'S 0.50 OFF  PK,2
128022,NEWPORT BOX KING 0.50 OFF  PK,2
150359,NEWPORT BOX KING 0.50 OFF  PK,2
150792,16z MONSTER ENERGY ,7
150793,16z LO CARB MONSTER ENERGY ,7
150795,16z MONSTER KHAOS ENERGY JUICE,7
150797,15z JAVA MONSTER MEAN BEAN  ,9
150799,15z JAVA MONSTER LOCA MOCA  ,9
150801,16z MONSTER RIPPER ,7
150878,16z MONSTER ULTRA BLACK,7
150709,16z COCA COLA COKE BTL,7
150711,16z DIET COKE BTL,7
150712,16z SPRITE BTL,7
132113,MONEY MINTS ROLL,8
125308,12z COCA COLA 20PK CN,7
125310,12z DIET COKE 20PK CN,7
125311,12z SPRITE 20PK CN,7
125313,12z DR PEPPER 20PK CN,7
150864,12z RED BULL SUMMER EDTION,7
132528,TABLE TALK PIE 4IN APPLE,16
132529,TABLE TALK PIE 4IN ECLAIR,16
132530,TABLE TALK PIE 4IN PECAN,16
132884,16Z ROCKSTAR HORCHATA CN,7
132921,KASHI GOLEAN BAR CRNCH CHOC CR,17
132922,KASHI GOLEAN BAR CRNCHY CHOC P,17
132903,SPCL K NOUR CHOC NUT,17
132907,SPCL K NOUR CRAN ALMN,17
633,20Z MTN DEW GAME FUEL CHERRY,7
132991,20Z MTN DEW GAME FUEL LEMONADE,7
133001,12Z SHINER FAMILY REUNION,4
133002,16Z MONSTER ULTRA SUNRISE,7
19847,Cm Motor Trend $5.99monthly,22
133135,12z BLUE MOON VARIETY 12PK BTL,4
133320,COPENHAGEN LC BLACK  1.00 OFF,3
133333,COPENHAGEN LC SO BLND  .50 OFF,3
111749,LINDOR TRUFFLES CHNGMKR DARK,8
111750,LINDOR TRUFFLES CHNGMKR WHITE,8
133519,CHAPSTICK CANDY CANE,21
133520,CHAPSTICK PUMPKIN PIE,21
150960,TWIX PB KING SZ,8
133525,FUNYUNS 2.375Z,15
133526,HOT FUNYUNS 2.375Z,15
133967,CHILI LIMON FUNYUNS 2.375Z,15
122520,TOPAZ DVD ASST 4.99,22
126478,TOPAZ DVD ASST 7.99,22
151311,SNICKERS MARATHON MULTIGRAIN,17
8132,REESESTICKS,8
134535,2lt SPRITE CRANBERRY,7
136316,MUNCHOS FLAM HOT,15
126103,12Z MANZANITA APPLE BTL,7
126576,COMBOS PIZZA PRETZEL,15
135851,GOOD2GROW TMNT FRUIT PU,7
136507,1LTR LIPTON BRSK CHRYLIM,7
135867,IWS ALON HAULER SERIES 1,22
135910,MASON JAR BAH HUMBUG,22
135913,CUP W/STR EVERYTHG I WNT,22
135914,TUMBLER 3-ASST,22
135916,TRAVEL MUG PENGUINS,22
135920,12IN CUTIE DOLL ASST,22
135921,11IN HOLIDAY PLUSH BRN,22
135922,11IN HOLIDAY PLUSH WHT,22
136069,CLEVER CKIE GNGRBRD MAN HSE CK,16
136379,CLEVER CKIE XMAS SANTA   TREE,16
10554,HOT PCKT JAL STEAK CHEESE SP,11
137086,LICORICE ROPE SUPER RED,8
136545,LINK SQUATCH STK MUG,17
18667,MRS FRESH BUDDY BARS,16
150879,16Z MONSTER ULTRA SUNRISE,7
137285,16z MONSTER UNLEADED,7
150884,16z MONSTER UNLEADED,7
150961,TWIZZLERS PULLNPEEL CHERRY,8
151239,FRITO RANCH SUNSEEDS 5Z,15
151240,FRITO ORIG SUNSEEDS 5Z,15
151241,FRITO JAL RANCH SUNSEED 5Z,15
151242,FRITO FLAMAS SUNSEEDS 5Z,15
151244,FRITO S&P SUNSEEDS 5Z,15
151245,FRITO BBQ SUNSEEDS 5Z,15
7146,SMARTFOOD WHT CHEDDAR,15
137779,BLU PLUS  E CIG FLVR TANK CHER,3
137780,BLU PLUS  E CIG FLVR TANK MENT,3
137781,BLU PLUS  E CIG FLVR TANK TOB,3
137782,BLU PLUS  E CIG FLVR TANK VAN,3
137785,MARKTEN E CIG CART CLASSIC 2.5,3
137786,MARKTEN E CIG CART MENTHOL 2.5,3
137787,MARKTEN E CIG CLASSIC W USB 2.,3
137788,MARKTEN E CIG MENTHOL W USB 2.,3
16499,.5L NESTE PURE LIFE SINGLE,7
16514,.5L NESTLE PURE LIFE 24PK,7
150759,TRADEWINDS TEA SWEET         P,7
16640,7 11 LIC MIDLAND II MUG,22
16429,7 11 LIC REDANDO TUMBLER,22
116840,SAHARA STAINLESS MUG 16Z,22
150886,20z COKE LIFE,7
151776,CM MAXIM                    3.,22
151288,PR CITY MNSTR MUFN ALM POPPYSD,16
151290,PR CITY MNSTR MUFN BLUEBERRY,16
151291,PR CITY MNSTR MUFN CHOC CHIP,16
154021,.5L NESTE PURE LIFE SINGLE,7
154026,16z MONSTER ULTRA CITRON,7
154027,15.5z MONSTER REHAB PEACH,7
151138,KINGS HAW SWT BRD 12Z,14
150887,6Z GOOD2GROW STRKIWI,7
153251,CREAMLAND CHUG 1  MILK,9
153257,DON CHELEDA LEMON LIME CUP GRE,7
153258,DON CHELEDA REG CUP BLUE,7
153259,DON CHELEDA SPICY CUP RED,7
153270,SNICKERS XTRM 2 TO GO KS,8
153274,ALMOND JOY KING SZ,8
153275,BUTTERFINGER KING SZ       ,8
153276,CADBURY CARAMELLO KING SZ,8
153278,HEATH KING SZ,8
153279,HERSHEY ALMOND KING SZ,8
153281,HERSHEY DROPS COOKIES N CRM KS,8
153283,HERSHEY MILK KING SZ,8
153285,JUNIOR MINTS 4Z,8
153286,KIT KAT MINIS KING SZ,8
153287,L SAV GUMMI COLLISIONS PCH KIN,8
153288,L SAV GUMMI 5 FLAVOR PCH KING,8
153289,M M ALMOND CHOC KS SHARE SIZE,8
153290,M M MILK CHOC KING SZ,8
153291,M M PEANUT KING SZ,8
153292,M M PRETZEL CHOC KING SZ,8
153293,MILK DUDS,8
153296,MR GOODBAR KING SZ,8
153297,PAYDAY KING SZ,8
153298,REESES CRISPY CRUNCHY BAR KING,8
153299,REESES FAST BREAK KING SZ,8
153301,REESES PB BIG CUP KNG SZ,8
153302,REESES PB CUP KING SZ,8
153304,REESESTICKS KING SZ,8
153305,ROLO MINIS KS,8
153306,SKITTLES BITE SIZE KS,8
153307,SNICKERS ALMOND KING SZ 2 PIEC,8
153308,SNICKERS BITES KING SZ,8
153309,SNICKERS KING SZ 2 PIECE,8
153310,SNICKERS PNUT BTR SQRS KING SZ,8
153311,SOUR PATCH KD ASST,8
153313,STARBURST MEGASTICK ORIGINAL,8
153316,TURTLES PECAN KING SZ,8
153317,TWIX CARAMEL BAR KING SZ,8
153320,TWIZZLERS LICORICE NIBS CHERRY,8
153321,TWIZZLERS STRAWBERRY LICORICE,8
153322,TWIZZLERS STRWBRRY TWST KNG SZ,8
153324,ZERO KING SZ,8
153325,3 MUSKETEERS KING SZ,8
153326,BABY RUTH BIG BAR          ,8
153327,KIT KAT KING SZ,8
153329,20z CLASSIC COKE ,7
153330,20z CHERRY COKE ,7
153331,20z COCA COLA ZERO,7
153332,20z DT COKE,7
153333,20z SPRITE,7
153334,20z SPRITE ZERO,7
153337,20z FANTA ORANGE,7
153339,20z FANTA STRAWBERRY,7
153341,20z MM LEMONADE,7
153353,20z PEPSI ,7
153354,20z DIET PEPSI,7
153355,20z MOUNTAIN DEW,7
153358,20z PEPSI WILD CHERRY,7
153359,20z MANZANITA SOL,7
153361,20z PEPSI THROWBACK,7
153393,20z CRUSH ORANGE,7
153395,20z DR PEPPER,7
153403,20z SQUIRT,7
153409,20z MTN DEW BAJA BLAST,7
153412,2LTR CLASSIC SHAPED,7
153413,20Z MTN DEW GAME FUEL CHERRY,7
153415,2LTR COKE ZERO SHAPED,7
153417,20z COKE LIFE,7
153418,2lt SPRITE CRANBERRY,7
153419,2LTR DIET COKE SHAPED,7
153421,2LTR SPRITE SHAPED,7
153423,2L RC COLA,7
153424,2L CD CLUB SODA,7
153425,2L SQUIRT ,7
153426,2LT FANTA GRAPEFRUIT,7
153428,2L BIG RED,7
153433,2L DR PEPPER SHAPED,7
153437,2L PEPSI,7
153441,2L MAZANITAL SOL,7
153443,2L SIERRA MIST NATURAL,7
153445,2L CRUSH ORANGE,7
153448,2L PEPSI DIET,7
153449,2L MOUNTAIN DEW,7
153450,2LT FANTA PINEAPPLE,7
153454,2LT FANTA ORANGE,7
153458,2L 7UP,7
153459,2L 7UP DIET,7
153461,2L A W ROOTBEER,7
153463,2L SUNKIST,7
153471,16z NOS,7
153472,16z NOS LOADED CHERRY,7
153473,16z NOS ZERO,7
153478,16z ROCKSTAR ENERGY,7
153479,16z ROCKSTAR SUGAR FREE,7
153485,16z NOS CITRUS,7
153487,16z NOS WHITE,7
153488,16z ROCKSTAR PUNCHED,7
153493,16z ROCKSTAR P Z CIT ICE,7
153494,16z ROCKSTAR ZERO PUNCHED,7
153497,16z AMP ENERGY BOOST,7
153499,16z AMP BOOST CHERRY,7
153502,16z FULL THROTTLE ENERGY DRINK,7
153506,M M PEANUT BUTTER KING SZ,8
153507,MILKY WAY KING SZ,8
153508,REESES PB XMAS TREES KING,8
153509,ROCHER 3 PK,8
153510,REESES NUTRAGEOUS KING SZ,8
153511,7 11 SELECT BIG TX CINN ROLL,16
153512,7 11 SELECT CUPCAKE CHOC     2,16
153515,7 11 SELECT DNUT MINI CHOC,16
153516,BUTTERFINGER PB CUPS SHARE PAC,8
153517,J RANCHER BITES KS,8
153518,7 11 SELECT DNUT MINI CRUNCH,16
153523,7 11 SELECT HONEY BUN ICED,16
153524,7 11 SELECT PIE APPLE,16
153525,BUTTERFINGER BITES KS,8
153526,7 11 SELECT PIE CHERRY,16
153528,7 11 SELECT HONEY BUN GLAZED,16
153529,M M MINIS MEGA TUBE,8
153530,MILKY WAY BITES SMPLY CARAMEL,8
153531,SKITTLES DARKSIDE SHARE SZ,8
153532,SKITTLES SOUR KING SZ,8
153533,SKITTLES WILD BERRY KS,8
153534,STARBURST MINIS SHARE SZ,8
153535,STARBURST VERY BERRY SHARE SZ,8
153536,TWIX BITES,8
153537,YORK PEPRMNT MINIS KING SIZE,8
153539,TWIX PB KING SZ,8
153541,SNICKERS XTRM 2 TO GO KS,8
153543,DORITOS COOL RANCH  11z,15
153545,DORITOS SALSA VERDE  11z,15
153547,DORITOS NACHO CHEESE  11z,15
153548,DORITOS SPICY NACHO  11z,15
153549,DORITOS TAPATIO 11z,15
153550,DORITOS FLAMAS  11z,15
153561,LAYS BBQ  9.5z,15
153562,LAYS CLASSIC  10z,15
153563,LAYS SCO  9.5z,15
153567,LAYS WAVY REGULAR  10z,15
153569,LAYS LIMON  9.5z,15
153570,LAYS HOT  9.5z,15
153571,LAYS CHILI LIMON  9.5z,15
153580,13.7z FRAPPUCCINO VANILLA,7
153583,5HR ENRG C U BERRY REG,21
153584,5HR ENRG C U BERRY XSTR,21
153586,5HR ENRG C U GRAPE XSTR,21
153587,5HR ENRG C U LEMN LIME REG,21
153588,5HR ENRG C U ORNGE REG,21
153590,5HR ENRG C U PINK LEMONADE,21
153595,5HR ENRG C U SOUR APPLE XSTR,21
153596,5HR ENRG RASP XTRA 1509,21
153599,14z MUSCLE MILK CHOCOLATE,9
153606,ENERGEMS SINGLE SERVE CHOCOLAT,21
153607,TROP PURE PREM ORIG ORANGE JUI,7
153608,FAYGO CREAM                  P,7
153610,FAYGO MOON MIST              P,7
153612,FAYGO ORANGE                 P,7
153613,ENERGEMS SINGLE SERVE PB,21
153614,FAYGO RED POP                P,7
153616,RUFFLES ORIGINAL  9z,15
153617,RUFFLES CHDR N SR CRM  8.5z,15
153618,RUFFLES SR CRM N ON  8.5z,15
153619,RUFFLES QUESO  8.5z,15
153620,CADBURY CREME EGGS,8
153622,REESES PB EGG,8
153625,DASANI .5L 24PK,7
153636,25z NATURAL LIGHT CN,4
153642,32z MILLER HIGH LIFE CN,4
153645,24z TWISTED TEA ORIGINAL CN,4
153656,25z BUD CN,4
153659,25z BUD LIGHT CN,4
153661,25z BUD SELECT CN,4
153664,24z MILLER LITE 24z CN ,4
153665,24z COORS CN,4
153667,24z COORS LIGHT CN ,4
153670,24z TECATE CN,4
153671,24z TECATE LIGHT CN ,4
153673,24z MODELO ESPECIAL SINGLE,4
153674,25z BUSCH CN,4
153675,25z BUSCH LIGHT CN,4
153725,750ML YOSEMITE ROAD CABERNET,5
153784,25z BUD LIGHT CN,4
153785,25z BUD CN,4
153786,25z BUD SELECT CN,4
153788,24z MILLER LITE 24z CN ,4
153789,24z COORS CN,4
153790,24z COORS LIGHT CN ,4
153791,24z TECATE CN,4
153792,24z TECATE LIGHT CN ,4
153794,24z MODELO ESPECIAL SINGLE,4
153795,SNICKERS ALMOND KING SZ 2 PIEC,8
153797,SNICKERS KING SZ 2 PIECE,8
153798,SNICKERS PNUT BTR SQRS KING SZ,8
153799,SNICKERS XTRM 2 TO GO KS,8
153800,2L 7UP,7
153801,2L 7UP DIET,7
153804,2L CD CLUB SODA,7
153806,187ml COPADEVINO MOSCATO ,5
153807,2L SQUIRT ,7
153820,2L RC COLA,7
153823,RESSES PB FILLED EGG,8
153825,7-11 SEL GUMMI HEARTS,8
153826,7-11 SEL GUMMI HEARTS,8
153827,7-11 SEL PASTEL HEARTS,8
153828,7-11 SEL PASTEL HEARTS,8
153829,7-11 SEL CONV HEARTS,8
153830,7-11 SEL CONV HEARTS,8
153832,7-11 SEL WARHEAD BEANS,8
153833,7-11 SEL WARHEAD BEANS,8
153834,12Z RED BULL RED EDITION,7
153835,12Z RED BULL RED EDITION,7
153836,12Z RED BULL BLUE EDITION,7
153837,12Z RED BULL BLUE EDITION,7
153838,12Z RED BULL ORG EDITION,7
153839,12Z RED BULL ORG EDITION,7
153840,12Z RED BULL CHERRY EDITI,7
153841,12Z RED BULL CHERRY EDITI,7
153844,12z RED BULL CN ,7
153845,12z RED BULL SF CN,7
153846,8z RED BULL TOTAL ZERO,7
153847,8.4z RED BULL ENERGY,7
153852,12z RED BULL TOTAL ZERO,7
153856,JUICY FRUIT STARBURST GUM CHER,8
153857,JUICY FRUIT STARBURST GUM STRW,8
153858,M M EASTER BUNNY MC W MINIS,8
153859,M M EASTER MILK CHOC FILLED EG,8
153860,SNICKERS EASTER BUNNY,8
153861,SNICKERS HEART SNGLS,8
153862,TWIX CARAMEL HEART SINGLE,8
153864,PIERRE FASTBITE BISC CHIX SPIC,11
153875,20z OZARKA SPRING WATER,7
153876,KINGSFORD CHARCOAL BRIQUETTS,22
153877,SNICKERS IC PINT,12
153878,TWIX IC PINT,12
153883,12Z DT DR PEPPER 12PK,7
153885,12Z DR PEPPER 12PK,7
153886,NAKED JCE PRTN ZONE BANANA CHO,7
153887,CRYSTAL SPRING WTR DEIONIZED,7
153888,FAYGO BLACK CHERRY           P,7
153889,FAYGO COTTON CANDY           P,7
153892,FAYGO ROOT BEER              P,7
153893,CRYSTAL SPRING WTR DRINKING,7
153904,12z 7UP DIET 12PK,7
153917,12z CLASSIC COKE 12PK,7
153918,12z COCA COLA ZERO 12PK,7
153919,12z DIET COKE 12PK,7
153921,12z SPRITE 12PK,7
153928,12z RC COLA 12PK,7
153934,16z PEPSI MAX CHERRY CAN,7
153935,16z PEPSI MAX CAN,7
153956,LADIES PENDANT/NECKLACE,22
153957,MENS WALLET ,22
153959,LARGE PLUSH BEAR,22
153961,INSPIRATIONS FRAMED MSSG,22
153963,VALENTINES HEART PILLOW,22
153965,ZONNIC GUM CINNAMON 2MG,21
153966,ZONNIC GUM CINNAMON 4MG,21
153967,ZONNIC GUM FRUIT 2MG,21
153968,ZONNIC GUM FRUIT 4MG,21
153969,ZONNIC GUM MINT 2MG,21
153970,ZONNIC GUM MINT 4MG,21
153975,LAYS CLASSIC,15
153976,LAYS CLASSIC,15
153977,LAYS BBQ,15
153978,LAYS BBQ,15
153980,SHAMROCK CHOC ESL            1,9
153981,SHAMROCK CHOC ESL QUART,9
153982,SHAMROCK HOMOGENIZED ESL     1,9
153983,SHAMROCK HOMOGENIZED ESL QUART,9
153984,SHAMROCK ROCKIN REFUEL CHOC 30,9
153985,SHAMROCK ROCKIN REFUEL SLT CRM,9
153988,SHAMROCK 2  ESL              1,9
153989,SHAMROCK 2  ESL QUART,9
153990,I F PISTACHIO R S           3.,15
154004,BLK FOREST GMY BEARS,8
154005,BLK FOREST GMY WORMS,8
154020,HERSHEY SPRD & BRDSTKS,16
154031,CHEEZ IT GROOVES CHEDDAR RANCH,15
154034,COMBOS VANILLA FROSTING PRETZE,15
154036,SWANSON MCR POT PIE CHICKEN,13
154037,SWISHER SWT CIGRLO DULCE   2 .,3
154041,CHEEZ IT GROOVES WHITE CHE,15
154042,BLK MLD CASINO PT  1  .79,3
154043,BLK MLD CASINO WT  1  .79,3
154059,GMAS LEMON SAND CREME,16
154060,CM PEOPLE EN ESPANOL        1.,22
154061,GOOD2GROW JUICY WATER FRT PUNC,7
154063,GOOD2GROW JUICY WATER GRAPE,7
154065,LEPRECHAUN MASK SUN STACHE,22
154066,THE RABBIT SUN STACHE,22
154067,25z MIXXTAIL FIREWALKER CN,4
154068,25z MIXXTAIL HURRICANE CN,4
154069,25z MIXXTAIL LONG ISLAND,4
154071,11.5z MIXXTAIL HURRICANE 8PK,4
154072,6PK OCULTO BT,4
154073,11.5z MIXXTAIL LONGISLND 8PK,4
154074,12Z COKE CLASSIC 12PK,7
154075,12Z COKE SNGL CAN,7
154076,12Z COKE CLASSIC 12PK,7
154077,12Z COKE ZERO 12PK,7
154079,12Z COKE ZERO 12PK,7
154080,12Z DIET COKE 12PK,7
154081,12Z DIET COKE SNGL CAN,7
154082,12Z DIET COKE 12PK,7
154083,12Z FANTA ORANGE 12PK,7
154085,12Z FANTA ORANGE 12PK,7
154086,12Z SPRITE 12PK,7
154087,12Z SPRITE SNGL CAN,7
154088,12Z SPRITE 12PK,7
154098,7REWARD ICED COFFEE,30
154099,7REWARD FOUNTAIN,31
154100,7REWARD SLURPEE,32
154105,CHEETOS HOTNCHEEZY MIX UP,15
154106,DORITOS JACKD 3D JALAPENO,15
154109,LAYS SCO,15
154112,FRITOS CHILI CHEESE,15
154113,FRITOS HONEY BBQ,15
154114,FRITOS REGULAR,15
154115,FRITOS TURBOS FLAMAS SABRIT,15
154116,FRITOS HOT,15
154117,LAYS WAVY,15
154118,RUFFLES ORIGINAL,15
154119,PRINGLES ORIGINAL,15
154120,LAYS SCO,15
154121,DORITOS COOL RANCH,15
154122,LAYS HOT,15
154123,LAYS BBQ,15
154124,DORITOS SALSA VERDE,15
154125,LAYS CLASSIC,15
154126,DORITOS NACHO CHEESE,15
154127,DORITOS SPICY NACHO,15
154129,DORITOS FLAMAS,15
154130,LAYS LIMON,15
154131,LAYS CLASSIC,15
154133,LAYS BBQ,15
154134,LAYS SCO,15
154138,LAYS FLAMIN HOT,15
154139,LAYS LIMON,15
154142,LAYS CHILI LIMON,15
154149,FRITOS CHILI CHEESE,15
154150,FRITOS REGULAR,15
154153,LAYS CHILI LIMON,15
154156,LAYS CLASSIC,15
154157,LAYS BBQ,15
154158,CHEETOS JUMBO PUFFS,15
154159,CHEETOS CRUNCHY,15
154160,CHEETOS CRNCHY FLAMIN HOT,15
154161,CHEETOS CRNCHY HOT LIMON,15
154163,DORITOS DNMT CHL LMN SBRT,15
154164,DORITOS DNMT NCH PCS SBRT,15
154169,12Z DT DR PEPPER 12PK,7
154171,12Z DT DR PEPPER 12PK,7
154172,12Z DR PEPPER 12PK,7
154173,12Z DR PEP SNGL CAN,7
154174,12Z DR PEPPER 12PK,7
154179,12Z PEPSI 12PK,7
154181,12Z PEPSI 12PK,7
154189,DORITOS TAPATIO SABRITAS,15
154190,DORTS JCKD RNCH DPD HT WG,15
154191,DORITOS SPICY NACHO,15
154192,DORITOS NACHO,15
154193,DORITOS COOL RANCH,15
154195,CHEETO/DORIT DNMT COLLSN,15
154196,MUNCHOS,15
154197,CHESTERS HOT FRIES,15
154198,BAKED LAYS ORIGINAL,15
154200,SABRITONES,15
154201,SUN CHIPS HARVEST CHEDDER,15
154202,LAYS KETTLE JALAPENO,15
154203,SMARTFOOD CHEDDAR,15
154205,SMARTFOOD MVE THTR BTTR,15
154208,LAYS KETTLE WASABI GINGER,15
154209,DORITOS NACHO CHEESE,15
154210,CHESTERS FRIES FLAMIN HOT,15
154214,LAYS KETTLE COOKD JALAPENO,15
154217,NUT HRVST HNY RSTD MXD NTS,15
154221,NUT HRVST TFFE GLZD MXD NT ,15
154223,DOR JCKD 3D BCN CHDDR RNC,15
154225,12Z DIET PEPSI 12PK,7
154227,12Z DIET PEPSI 12PK,7
154228,12Z MNT DEW 12PK,7
154230,12Z MNT DEW 12PK,7
154236,12Z MANZANITA 12PK,7
154237,12Z MANZANITA 12PK,7
154238,12Z SIERRA MIST 12PK,7
154239,12Z SIERRA MIST 12PK,7
154249,12Z ORANGE CR 12PK,7
154255,BIC LTR WALKING DEAD     LCRT1,22
154257,ELF BRIGHTNG EYELINER BLK  010,21
154258,ELF BRUSH ANGLED SMALL     840,21
154259,ELF BRUSH BLUSH            840,21
154260,ELF BRUSH EYESHADOW C      840,21
154261,ELF BRUSH POWDER           840,21
154262,ELF BRUSH STRIPPLE SMALL   840,21
154263,ELF CONCEALER BEIGE        831,21
154264,ELF CONCEALER IVORY        831,21
154265,ELF CONTR BLUSH BRONZ PWDR 836,21
154266,ELF CREAM EYELINER BLACK   811,21
154267,ELF DEFINING EYE BRUSH     018,21
154268,ELF DRAMATIC LASH KIT BLK  017,21
154269,ELF DUAL SHARPENER BLK     017,21
154270,ELF EYEBROW KIT MEDIUM     813,21
154271,ELF EYELINER SHADW SMK STK 811,21
154272,ELF EYESHADOW BRUSH        018,21
154273,ELF FLAWNES EYESHADOW BRWN 216,21
154274,ELF FLAWNES EYESHADOW H HR 216,21
154275,ELF JUMBO LIPGLOSS STK PNK 221,21
154276,ELF LIP STAIN PINK PETAL   221,21
154277,ELF LIQUID EYELINER BLK    042,21
154278,ELF MAKEUP REMOVER CLOTHS  850,21
154279,ELF MATTE LIP CLR NRLY NDE 824,21
154280,ELF MATTE LIP COLR TEAROSE 824,21
154281,ELF NATURAL EYES LASH BLK  017,21
154282,ELF PERFECT TWEEZER        017,21
154284,ELF TOTAL FACE BRUSH       018,21
154285,ELF UNDEREYE CONCEALER MED 815,21
154286,ELF UNDREYE CONCEALER LGHT 815,21
154287,ELF VOL PLUMP MASCARA BLK  814,21
154288,ELF WARM BRONZER GOLDEN    837,21
154289,ELF WTRPRF EYELNR PEN BLK  216,21
154290,ELF 3 IN 1 MASCARA VRY BLK 814,21
154291,7 11 SEDONA TUMBLER 16Z,30
154300,12Z 7UP 12PK,7
154303,12Z DT 7UP 12PK,7
154305,12Z DT 7UP 12PK,7
154306,12Z SQUIRT 12PK,7
154309,12Z A&W RB 12PK,7
154323,9.75 z FRITOES REGULAR,15
154324,9.75z FRITOS HOT,15
154325,9.75z FRITOS SCOOPS,15
154328,9z CHEETOS CRUNCHY,15
154329,9z CHEETOS XX FLMN HOT,15
154331,9z CHEETOS FLAMIN HOT,15
154332,9z CHETETOS HOT LIME,15
154333,8.5z CHEETOS JUMBO PUFFS,15
154334,8.5z CHEETOS HOT JMBO PFS,15
154339,6z REGULAR FUNYUNS,15
154340,6z FLAMIN HOT FUNYUNS,15
154341,DORITOS SALSA VERDE,15
154342,DORITOS JACKED SPCY STRT TC,15
154343,DORITOS DINAMITA FRY HBNR,15
154344,CHEETOS JUMBO PUFFS,15
154345,CHEETOS JUMBO PFFS FLMN HT,15
154347,BAKENETS HOT AND SPICY,15
154350,ROLD GOLD CLASSIC THN TWST,15
154351,MUNCHIES CHEESE FIX,15
154352,MUNCHIES HOT,15
154354,CHESTERS HOT POPCORN,15
154355,CHESTERS CHEESE POPCORN,15
154356,RUFFLES CHDDR AND SR CRM ,15
154357,RUFFLES QUESO SABRITAS,15
154358,RUFFLES DEEP RIDGED HT WNG,15
154359,CHETS CRNCHY XTR FLMNG HT,15
154360,CHEETOS CHEDDAR AND JLPNO,15
154361,CHEETOS CRUNCHY,15
154362,CHEETOS CRUNCHY FLAMIN HO,15
154363,CHEETOS CRUNCHY HOT LIMO,15
154364,POP TARTS FROST CHERRY,19
154366,15z STRBCKS DBL SHOT ENERGY MC,7
154367,15z STRBCKS DBL SHOT ENERGY VA,7
154371,NAKED JCE BERRY BLAST,7
154373,NAKED JCE GREEN MACHINE,7
154374,NAKED JCE ANTIOXDNT MIGHTY MAN,7
154375,XINGTEA GRN TEA GINSENG HNY  C,7
154376,23.5z XINGTEA MANGO,7
154377,23.5z XINGTEA BLUEBERRY,7
154378,XINGTEA PREM TEA LEMONADE    C,7
154382,.5LT FIJI,7
154392,28z GATORADE G2 GRAPE,7
154404,28z GATORADE FRUIT PUNCH,7
154405,28z GATORADE ORANGE,7
154406,28z GATORADE LEMON LIME,7
154407,28z GATORADE ARTIC CHERRY,7
154408,28z GATORADE CUCUMBER LIME,7
154409,28z GATORADE CITRUS COOLER,7
154415,28z GATORADE GLCR FRZ,7
154427,GRIZZLY SNUFF   .50 OFF,3
154435,32z POWERADE FRUIT PUNCH ICON,7
154438,32z POWERADE GRAPE,7
154439,32z POWERADE LEMON LIME ICON,7
154440,32z POWERADE MOUNTAIN BLAST IC,7
154441,32z POWERADE ORANGE ICON,7
154443,CAMEL SNUS FROST      15 PCS,3
154447,CAMEL SNUS MINT       15 PCS,3
154448,32z POWERADE WHITE CHERRY,7
154454,32z POWERADE ZERO MIXED BERRY ,7
154458,32z POWERADE SOUR MELON NEW,7
154459,32z MANGO POWERADE,7
154470,SKOAL LC WNTRGRN  .75 OFF,3
154533,BUTTERFINGER CUP MINI SHARE PK,8
154535,C VALET ALLERGY CAPS    BENADR,21
154537,C VALET ZANTAC 150 2TAB,21
154538,DK CKIE OATMEAL CHOC PECAN,16
154539,DK CKIE OATMEAL RAISIN,16
154540,PILLS MINI CAKE CRUMB CINN,16
154541,PILLS MINI MUFF BLUEBERRY,16
154542,PILLS MINI MUFF CHOC CHIP,16
154543,PILLS MINI ROLLS CINNAMON,16
154544,BUTTERFINGER KING SZ       ,8
154545,BUTTERFINGER BITES KS,8
154546,BUTTERFINGER CUP MINI SHARE PK,8
154548,KIT KAT,8
154549,HERSHEY COOKIES N CRM,8
154550,HERSHEY MILK,8
154551,HERSHEY ALMOND,8
154552,ROLO,8
154554,ALMOND JOY,8
154559,32z BUSCH ,4
154560,TWIZZLERS TWISTS STRWBRY LEMON,8
154561,28Z GATORADE LEM ICE,7
154562,28Z GATORADE LEM ICE,7
154563,BG .79 W/HF PUCHASE,31
154565,MINI MUFFIN W/ MED COFFEE,16
154568,HAUS E LIQ WASH RED CHERRY  2.,3
154569,HAUS E LIQ JAVA COFFEE      2.,3
154571,HAUS E LIQ CL ICE BLND MENT 2.,3
154583,7 11 SELECT HONEY BUN GLAZED,16
154584,7 11 SELECT HONEY BUN ICED,16
154594,RED SEAL LC WNTRGRN 1    4.35,3
154595,COPENHAGEN LC WNTR 1   3.59,3
154597,CM PEOPLE EN ESPANOL        1.,22
154600,CABLE CAR GUMMY BEARS,8
154602,CABLE CAR GUMMY WORMS,8
154603,CABLE CAR ORANGE SLICES,8
154619,12Z TRAVELER CURIOUS 6PK BTL,4
154620,12Z TRAVELER ILLUSIVE 6PK BTL,4
154628,HOST DONETTES CHOC,16
154629,HOST DONETTES CRUNCH,16
154630,HOST DONETTES POWDERED,16
154633,CREAMLAND WHOLE MILK         6,9
154635,CREAMLAND 2  MILK            6,9
154636,DON CHELEDA REG CUP BLUE,7
154637,DON CHELEDA SPICY CUP RED,7
154639,8.5Z COKE ALUM BTL,7
154641,8.5Z DT COKE ALUM BTL,7
154642,8.5Z SPRITE ALUM BTL,7
154643,9.5Z ILLY MOCHACINNO,7
154644,9.5Z ILLY LATTE MACCHIATO,7
154646,32Z POWERADE LEMONADE,7
154647,32Z POWERADE LEMONADE,7
154648,20Z POWERADE FRT PCH,7
154650,20Z POWERADE MTN BLAST,7
154656,11Z STARB PRTN COF CN VAN,7
154657,11Z STARB PRTN CF CN CHOC,7
154658,11Z STARB PRTN CF CN COFF,7
154659,12Z LIPTON SPRK LEMONADE,7
154661,12Z LIPTON SPRK RASP CN,7
154662,12Z MNT DEW KICKST STKIWI,7
154663,12Z MNT DEW KICKST PINORG,7
154717,20Z NAT CABANA LEMONADE,7
154718,20Z NAT CABANA LIMEADE,7
154719,20Z NAT CABANA TROP MANG,7
154720,20Z NAT CABANA STRBRY LEM,7
154725,ARIZONA TALL BOY GREEN TEA,7
154726,ARIZONA TALL BOY MUCHO MANGO,7
154727,BOLTHOUSE FRT SMTHIE STRAW BAN,7
154728,BOLTHOUSE GREEN GOODNESS,7
154731,MOSSY OAK PURSUIT ORANGE     C,7
154732,MOSSY OAK PURSUIT ORIG       C,7
154733,NAKED JCE PRTN ZONE,7
154734,NAKED JCE PRTN ZONE BANANA CHO,7
154735,V 8 JUICE HEALTHY GREENS,7
154736,V 8 JUICE PURPLE POWER,7
154737,VUSE E CIG CART MENTHOL 5MG,3
154738,VUSE E CIG CART ORIGINAL 5MG,3
154739,VUSE E CIG SOLO MENTHOL 5MG,3
154740,VUSE E CIG SOLO ORIGINAL 5MG,3
154741,COLD STONE SHAKERS CHOC,9
154742,COLD STONE SHAKERS STRAWBERRY,9
154744,FAYGO BLACK CHERRY           P,7
154745,FAYGO COTTON CANDY           P,7
154746,FAYGO GRAPE                  P,7
154747,FAYGO PEACH                  P,7
154748,FAYGO ROOT BEER              P,7
154749,FAYGO ROOT BEER              P,7
154750,FAYGO GRAPE                  P,7
154751,FAYGO PEACH                  P,7
154752,FAYGO BLACK CHERRY           P,7
154753,FAYGO COTTON CANDY           P,7
154756,20Z LEBRON SPRITE,7
154765,NEON STEREO EARBUDS,22
154766,BRIGHT CABLE ROSE MCROUSB,22
154767,1800MAH UNIV PWR KEYCHAIN,22
154768,MICRO USB 2.4 CAR CHARGER,22
154769,ULTRA SLIM 1800 RECHARGBLE,22
154771,PWR STICK 2600 BTTRY CHARG,22
154776,IPHONE5 DUAL CHRG W AUX,22
154777,APPLE CERTIFD LIGHTNING USB,22
154779,5200MAH PWR BANK 4LED LGH,22
154780,6PORTS RAPID USB PWR STATIO,22
154781,SPORT PLASTIC SNGLASSES 9.99,22
154782,TRENDS SUNGLASSES 9.99,22
154783,WOMENS SUNGLASSES 9.99,22
154784,POLARIZED PLASTIC SNGLS14.99,22
154785,SPORT PLASTIC SUNGLASS 14.99,22
154786,POLARIZD MTAL SNGLASS14.99,22
154787,CLASSIC METAL SNGLASS 14.99,22
154788,HD SUNGLASSES 14.99,22
154789,AVIATOR SUNGLASSES 14.99,22
154790,TRENDS SUNGLASSES 14.99,22
154791,WOMENDS SUNGLASSES 14.99,22
154796,SAMSUNG 3.0 USB SPRCHRGR,22
154797,EARBUDS,22
154798,COPENHAGEN LC STRT 1   3.59,3
154799,COPENHAGEN POUCH WNTRGR 1   3.,3
154800,RED SEAL FC NAT 1    4.35,3
154804,2M 6.5 AUX CABLE 3.5TO3.5,22
154805,2200 POWER BANK,22
154806,3-1 CORD,22
154807,BLUETOOTH HEADPHONES,22
154808,NEON FOLDING EAR PHONES,22
154810,BLUETOOTH SOUND BAR,22
154811,MAGIC BOX SPEAKER,22
154812,SHOWER SPEAKER,22
154814,9LED FLASHLIGHT,22
154815,AS SEEN ON TV TORCHLITE,22
154816,AS SEEN WET DRY SHAVER,21
154817,AS SEEN BLADELESS FANS,22
154818,AS SEEN BLADELESS FAN PINK,22
154820,AS SEEN SHARK TANK 180,22
154822,SUNSCREEN FLASKS,22
154823,COOL RAG,22
154824,STAINLESS STEEL READEREST,22
154825,AS SEEN UNICORN FISH TANK,22
154826,DISCOV 3-D WIND UP PUZZ,22
154828,MARV AV IRON MAN KC,22
154829,24Z STEEL RESERVE PINAPPLE,4
154830,MARV AV HULK KC,22
154831,MARV AV THOR KC,22
154832,RAINBOW DASH MLP KC,22
154833,DISCORD MLP KC,22
154836,7-11 SLURPEE CARAFE BTL 26Z,32
154840,24Z REDDS WICKED MANGO CN,4
154842,7-11 STRAW ANIMAL SNOUT,32
154843,12Z REDDS SEASONAL 6PK NR,4
154847,7-11 CUP DAY GLOW,32
154852,GRIZZLY LC DRK WNTRGRN,3
154853,ARMOUR SAUSAGE VIENNA,19
154854,ARMOUR SAUSAGE VIENNA HOT SPIC,19
154855,GRIZZLY LC DRK WNTRGRN,3
154856,24z MILLER FORTUNE CAN,4
154858,20Z LEBRON SPRITE,7
154860,BLU PLUS  E CIG XPRESS KIT,3
154861,GRIZZLY POUCH DRK WNTRGRN,3
154862,GRIZZLY POUCH DRK WNTRGRN,3
154879,16z MONSTER ENGY ULTRA RED,7
154880,16z MONSTER ULTRA CITRON,7
154882,20Z REAL SUGAR PEP CHERRY,7
154885,SARAH FARM MILK 1GL 2  REDC FA,9
154886,SHAMROCK ROCKIN REFUEL CHOC 50,9
154887,16z SHOCK TOP CN,4
154895,24z SMRNFF ICE SCRWDRVR BT,4
154900,20Z CORE NATURAL WATER,7
154902,PLAIN FEDORA,22
154903,LADIES FLOPPY STRAW HAT,22
154904,BUCKET HATS,22
154905,BUCKET HATS WITH FLAPS,22
154906,FISHING HAT WITH FLAPS,22
154907,WORKERS STRAW HAT,22
154908,PREMIUM FLATBILL HAT,22
154909,COWBOY HAT,22
154910,SCS 5HR ENRG C U PEACH MANGO X,21
154912,SKOAL X TRA LC MINT  1    3.59,3
154923,16Z DR PEP CHERRY CAN,7
154924,16z ROCKSTAR FROZEN LIME,7
154925,16z ROCKSTAR FROZEN PN CLD,7
154926,16z ROCKSTAR FROZEN LIME,7
154928,16z ROCKSTAR FROZEN PN CLD,7
154929,16z MNTN DW CD RD SKATE CN,7
154935,8Z NESQUIK CHOCOLATE,9
154936,20z MOUNTAIN DW SNGRT BLS ,7
154945,750ml PL PRO ELEC WATER,7
154949,12Z COKE CLASSIC 12PK,7
154950,12Z COKE ZERO 12PK,7
154951,12Z DIET COKE 12PK,7
154952,12Z FANTA ORANGE 12PK,7
154953,12Z SPRITE 12PK,7
154959,SELFIE STICK AND BLUTH,22
154960,FUN BUBBLE WAND,22
154961,1L NESTLE PURE LIFE WATER,7
154962,SHAMROCK 2  ESL              1,9
154963,SHAMROCK CHOC ESL            1,9
154964,SHAMROCK HOMOGENIZED ESL     1,9
154968,1L LIPTON BRISK TEA WITH LEMON,7
154972,1L LPTN BRSK HLF TEA HLF LMND,7
154974,1LTR LIPTON BRSK CHRYLIM,7
154982,12Z DT DR PEPPER 12PK,7
154983,12Z DR PEPPER 12PK,7
154991,RED MAN FC NATURAL,3
154995,SWISHER SWT MINI 3FOR2,3
154999,DORITOS NACHO CHEESE,15
155000,DORITOS SPICY NACHO,15
155001,DORITOS FLAMAS,15
155003,LAYS SCO,15
155004,LAYS WAVY,15
155009,DORITOS ROULETTE,15
155012,DORITOS JACKD 3D JALAPENO,15
155038,DOR JCKD 3D BCN CHDDR RNC,15
155039,DORITOS SALSA VERDE,15
155040,DORITOS JACKED SPCY STRT TC,15
155041,DORITOS DINAMITA FRY HBNR,15
155042,DORITOS DNMT CHL LMN SBRT,15
155043,DORITOS DNMT NCH PCS SBRT,15
155044,DORITOS TAPATIO SABRITAS,15
155046,DORITOS SPICY NACHO,15
155047,DORITOS NACHO,15
155048,DORITOS COOL RANCH,15
155050,DORITOS ROULETTE,15
155051,DORITOS ROULETTE,15
155053,PLT SMORES & NUT MIX,15
155057,COPENHAGEN FC NATURAL,3
155061,COPENHAGEN POUCH,3
155065,GRIZZLY FC NATURAL,3
155108,SKOAL LC CITRUS BLEND,3
155191,REESES PIECES,8
155192,7 11 SELECT CKIE DUPLEX CRM,16
155193,7 11 SELECT CKIE LEMON CRM,16
155195,ARMOUR SAUSAGE VIENNA BBQ,19
155197,ALTOIDS ARCTIC PEPPERMINT,8
155199,HERSHEY MILK CHOC CARAMEL,8
155200,ICE BREAKER MINTS CL BLST PEPM,8
155201,ICE BREAKER MINTS CL BLST SPRM,8
155202,KIT KAT MINIS WHITE CHOC KING,8
155203,M M CRISPY,8
155204,REESES BIG CUP CRUNCHY KING SZ,8
155207,STRIDE SOUR PATCH GUM WTRMLN,8
155208,TRIDENT BLACK RASP TWIST,8
155243,7 11 SELECT CARAMELS MINI S SL,8
155244,7 11 SELECT ENGLISH TOFFEE,8
155245,7 11 SELECT HZLNT TRUFF DRK CH,8
155246,7 11 SELECT MIX NUT CLUSTER CH,8
155253,I F MANGO CHILE             2.,17
155254,I F PINEAPPLE PIECES        2.,17
155263,REESES PIECES HANGING BAG,8
155268,BATMAN KEYCHAIN,22
155269,BIC LTR TRAY GEOMETRIC   LCWA1,22
155272,7 11 SELECT PNUTS BUFFALO,15
155273,7 11 SELECT PNUTS SMKY BCN CHE,15
155274,7 11 SELECT PNUTS TEQUILA LIME,15
155275,7 11 SELECT PNUTS WASABI,15
155276,NESTLE BUTTERFINGER BITES,12
155277,PRINGLES W/DIP ORIG/JALA CH,15
155278,PRINGLES W/DIP ORG/CRMY R,15
155279,PRINGLES W/DIP ORIG/HNY M,15
155280,17z SPKING ICE BLACK RSPBRRY,7
155282,17z SPKLING ICE ORNG MANGO,7
155283,17z SPRKLING ICE CHRRY LMDE,7
155285,17z SPKLING ICE PCH NCTRNE,7
155290,LINK SQUATCH STK MILD,17
155303,PALL MALL MEN GRN .50/1PK,2
155306,PALL MALL MEN GRN .50/1PK,2
155317,LINK JRKY BF LE SRIRACHA,17
155320,LINK JRKY JALA CARNE ASADA,17
155321,LINK JRKY ORIG,17
155322,LINK JRKY PEPPERED,17
155324,LINK JRKY TERIYAKI,17
155325,LINK TENDER BITES TERIYAKI,17
155327,15.2Z MM APPLE JUICE,7
155328,15.2Z MM ORANGE JUICE ,7
155331,15.2Z MINUTE MAID CRAN APP RAS,7
155359,BARCEL SEAL SALT CHIPS,15
155360,BARCEL TAKIS XPLOSION,15
155379,24Z MONTEJO,4
155411,7 11 SELECT HONEY BUN GLAZED,16
155413,BIGS SNFLWR SDS ORIG,15
155415,SOUR PATCH KD WTRMLN,8
155417,7 11 SEDONA RED WHITE BLUE 16Z,30
155426,7 11 SELECT BATH TISS EVERYDAY,20
155427,7 11 SELECT BATH TISS PREM,20
155428,7 11 SELECT PAPER TOWEL PREM,20
155430,24Z GATORADE GLAZIER CHRRY,7
155458,GRIZZLY LC DRK WNTRGRN,3
155459,GRIZZLY LC DRK WNTR 0.50 OFF,3
155462,GO YUM VANILLA,12
155463,GO YUM CHOCOLATE,12
155464,GO YUM COOKIE DOUGH,12
155465,GO YUM SALT CARAMEL,12
155466,GO YUM FUGDE MARSH,12
155472,GRIZZLY LC DRK WNTRGRN,3
155496,MINION SUN STACHE,22
155503,SHAMROCK ROCKIN REFUEL CHOC 30,9
155504,SHAMROCK ROCKIN REFUEL SLT CRM,9
155508,7 11 SELECT GUMMI SR NEON WORM,8
155512,PENNZOIL HMV SAE 10W30,24
155516,PENNZOIL PLATINUM SYN 5W30,24
155519,PENNZOIL PLATINUM HM ATF,24
155524,PIERRE BIG AZ CHSBRGR KCKN JAL,11
155554,BBQ GOLF SET,22
155555,SEARGENT BBQ APRON,22
155624,SOUR PATCH KD ASST,8
155628,20Z NAT CABANA LEMONADE,7
155629,20Z NAT CABANA STRBRY LEM,7
155630,20Z NAT CABANA TROP MANG,7
155631,20Z NAT CABANA LIMEADE,7
155662,KELLOGG RICE KRSP TRT BIG ORIG,16
155670,CM GLOBE                    4.,22
155717, LAYS DUAF4,15
155718,1.99 MUNCHIE BEHEMOTH SNFLR,15
155719,PIERRE BIG AZ CHSBRGR BCN ADDC,11
155720,PIERRE BIG AZ CHSBRGR BW,11
155745,WRIGLEY 5 SOUR STRWBRRY,8
155747, LAYS KETTLE MESQUITE BBQ,15
155772,14z MUSCLEMILK COOKIES N CREME,7
155792,HERSHEY SNACK BITES CHC ALM TU,15
155793,HERSHEY SNACK MIX CHOC ALM TUB,8
155794,MR GOODBAR SNACK BITES TUBE,15
155795,PAYDAY SNACK BITES TUBE,15
155796,REESES SNACK MIX ASST TUBE,15
155870,16z CLASSIC CHILL CN,7
155871,16z CLASSIC CHILL CN,7
155902,M M CRISPY SHARE SIZE,8
155903,25z BUD CHELADA CN,4
155904,25z BUD LIGHT CHLDA XTR LM  ,4
155905,25z BUD LIGHT CHELADA CN,4
155906,32z CARTA BLANCA BTL,4
155952,POP HARLEY QUINN KEYCHAIN,22
155977,SWISHER SWT CIGRLO WLD RSH ,3
155983,25z BUD CHELADA 3PK CN,4
156040,RUFFLES QUESO SABRITAS,15
156044,CHETS CRNCHY XTR FLMNG HT,15
156046,CHEETOS CRUNCHY FLAMIN HO,15
156048,CHEETOS CRUNCHY HOT LIMO,15
157658,7 11 SELECT HONEY BUN ICED,16
372,7 Select Pastry w/Lg Coffee   ,15
1251,CAMEL SNUS FROST              ,3
1404,TRIDENT LYRS COOL MINT MELON  ,8
1754,blow pops                     ,8
2180,180 Energy Drink Red 16oz Can ,7
2235,Single Michelob Ultra 12oz LN ,4
2254,Bud Select Single 12oz LN     ,4
3423,ORBIT GUM CINNAMINT           ,8
3513,ALTOIDS CINN MINTS            ,8
3668,Magazine Open Key             ,23
4430,KENT KING  FSC PK             ,2
5763,Marlboro Blend 27 Bx FSC Pk   ,2
6314,Gamesa Merengue               ,16
6373,$1.69 Ruffles Regular         ,15
6995,Ruffles Cheddar & SC 10.5oz   ,15
7334,Cheetos Jumbo Hot 3.25oz      ,15
7406,Virginia Slim FSC Super Supres,2
7407,Virginia Slim FSC Sup Supresse,2
7571,TYLENOL XSTR CPLT             ,21
7576,MOTRIN IB CAPLET 24CT         ,21
7577,TYLENOL PM CPLT               ,21
8596,Miller Lite 24oz Can          ,4
8619,AJAX CLNSR             SS     ,20
8969,KELLOGG SPCL K PRTN BAR STRWB ,17
8988,KELL FUN PAK 8CT       SS     ,19
9352,Refill 52oz 7-Eleven American ,31
9902,Sausage & Biscuit             ,11
11574,Coke Zero 12oz                ,7
12420,Speak Out Nokia 1600          ,22
12729,Bud Family 24oz Cans 2 for $3.,4
16095,El Paso El Diario Sunday      ,23
16411,7-11 LIC SOLARUS TMBLR        ,20
16412,7-Eleven Soft Touch Mug       ,20
16418,7-11 BRST CNCR TUMBLER        ,20
16419,7-11 HAMPTON MUG              ,20
16422,7-11 LICENSEE HMR TMBLR       ,20
16423,7-11 SILVERADO TMBLR MUG      ,20
16424,7-11 LICENSEE HMPTN TMBLR     ,20
16425,7-11 LIC LAREDO TMBLR         ,20
16946,PHILLIES MINI BLUNT GRAPE     ,3
17032,BIC ASTROLOGY LIGHTER         ,22
17044,BIC C2 SLCT LTR               ,22
17047,BIC LUMINERE                  ,22
18138,7 11 MUG XTREME GULP 52Z      ,20
18615,POP ROCKS STRWBRY             ,8
18672,MRS FRSH JLY SWL HNY BN       ,16
19230,SKOAL LCM SAVE $.75           ,3
19973,GOODY'S COOL ORANGE 4'S       ,21
21740,MET-RX PNT BTTR BAR           ,17
22288,WW TNGY TFFY SP CHRY          ,8
23065,Nos Grape 16oz                ,7
23165,Juarez Daily Diario           ,23
23166,Juarez El Diario Sunday       ,23
23186,Blackstone Merlot 750ml       ,5
24111,Gnarly Head Zinfandel 750ml   ,5
24334,Golden Peak Tea Sweetened 18.5,7
24697,Woodbridge Cab Sauv 187ml     ,5
24968,Real Sangria 750ml            ,5
56950,7 11 BIG GULP FOAM CUP 30Z    ,31
59587,STRIDE SPARK KINETIC MINT     ,8
65541,Small Slurpee Refill          ,32
65670,Large Slurpee Refill          ,32
65894,Military Refill Up to 54oz    ,31
65895,Military Refill Over 54oz     ,31
65896,Military Refill Slurpee Small ,32
65897,Military Refill Slurpee Large ,32
65898,Military Refill Up to 35oz    ,30
65899,Military Refill Over 35oz     ,30
65904,Military Discount Gulp 20oz   ,31
65905,Military Discount Big Gulp 30o,31
65906,Military Discount SBG 40oz    ,31
65907,Military Discount Dbl Gulp 54o,31
65908,Military Discount Slurpee 12oz,32
65909,Military Discount Slurpee 22oz,32
65910,Military Discount Slurpee 28oz,32
65911,Military Discount Slurpee 40oz,32
65912,Military Discount 12oz Coffee ,30
65913,Military Discount Coffee 16oz ,30
65914,Military Discount Coffee 20oz ,30
65915,Military Discount Coffee 24oz ,30
70043,YORK PIECES                  P,8
70854,C VALET GILLETTE FMY SHV CRM  ,21
74686,MODJO CITRUS                  ,7
77108,GRZL LC WNTRGRN               ,3
77301,MENTOS GUM UP2U BBL FRSH SWT M,8
77302,MENTOS GUM UP2U DAY NIGHT MINT,8
107618,Coke Classic 16oz             ,7
108925,SKOAL                         ,3
111202,MARLBORO SMOOTH 100 BX  FSC PK,2
111902,MARLBORO MENTHOL BX  FSC PK   ,2
111903,MARLBORO 100 BX  FSC PK       ,2
113679,Pompis Primo 16oz             ,7
113680,Pompis Purple 16oz            ,7
113911,GRIZZLY WNTRGRN POUCH         ,3
113956,MARLBORO GOLD PK              ,2
115774,7 11 SELECT GUMMI BEARS       ,8
120880,Whey Up Orange 16oz           ,7
120882,Whey Up Berry 16oz            ,7
122896,FORMULA 409 ALL PURPOSE CLEANE,20
123142,UNAUTHORIZED                  ,21
123324,MARLBORO SMOOTH MENTHOL BOX   ,2
123325,MARLBORO SILVER BOX           ,2
123326,MARLBORO SILVER BOX           ,2
123748,Thin Mint Girl Scout 48ct     ,16
123750,Peanut Butter Creme Girl Scout,16
123775,JIDE SKATEBOARD IN BLISTER 3PC,22
123776,JIDE GAMBLING SET IN BLISTER  ,22
123789,JIDE WATER GUN IN BAG         ,22
123792,JIDE FLASHING STICK IN BLISTER,22
124047,FLASHING METEOR BALL C D      ,22
124202,Lost Vineyards Pink Lady 750ml,5
124240,Lost Vineyards Spumanate 750ml,5
124749,SUAVITEL FAB SOFTNR PRIMAVERA ,20
125954,Lipton Brisk Sweet with Lemon ,7
125960,Lipton Brisk Mango 24oz       ,7
125964,Pepsi Diet 16oz 4pk           ,7
125970,Doritos Salsa Verde Top 'N Go ,15
125972,Fritos Scoops Top 'N Go 4.25oz,15
125973,Tostitos Bite Size Rounds Top ,15
126727,M&M Red White Blue Plain KS   ,8
126806,Red Bull Total Zero 16oz      ,7
126973,TABASCO PAINT CAN DISPLAY     ,8
127084,Kit Kat Trick Or Treat Bar    ,8
127337,Rockstar Perfect Berry Pnk 16z,7
127445,Chilensis Reserva Malbec 750ml,5
127699,Lotsa Lights                  ,22
127705,Tic Tac Fruit Adventure       ,8
127788,Soda Refill Over 54oz         ,31
127858,Olive Oyl Cup Straw           ,22
127859,Im Too Pretty To Work Cup Stra,22
127860,Sister Cup Straw              ,22
127861,Daughter Cup  Straw           ,22
127863,KIss Lip Cup Straw            ,22
127864,Anyone Seen Sanity Cup Straw  ,22
127866,Sister Cup Straw              ,22
128057,SHADOWLESS FREE 32z FOUNTAIN  ,31
128058,SHADOW FREE MEDIUM COFFEE     ,31
128061,PAMELAS FUDGE CHOC WALNUT     ,8
128062,PAMELAS FUDGE CHOC FUDGE      ,8
128063,PAMELAS FUDGE PB FUDGE        ,8
128064,PAMELAS FUDGE CHOC PB FUDGE   ,8
128065,PAMELAS FUDGE VANILLA FUDGE   ,8
128066,PAMELAS CHOC VAN FUDGE        ,8
128078,Butterfinger PB Cup 3z        ,8
128480,FREE E-LIQUID WITH STARTER KIT,3
129237,FREE SMALL SLURPEE            ,32
129238,FREE SMALL FOUNTAIN           ,31
129239,FREE SMALL COFFEE             ,30
129840,BETTY CROCKER CARAMEL BROWNIE ,16
130192,EL PASO TIMES DALIY           ,23
130194,JUAREZ DAILY DIARIO           ,23
130757,CAP N CRUNCH PNT BUTTER       ,16
